0.0,175.036213928664,0.0
32.00000048,175.0362139286649,-4.167300086685305e-40
64.00000095,175.0362139285412,-6.898998548422639e-12
96.00000143,175.03621392865966,-4.760626079431466e-10
128.0000019,175.0362139247557,-1.2354766499792174e-07
160.0000024,175.0362139296458,-1.0246476485583767e-07
192.0000029,175.03621392889409,-3.241890541653351e-08
224.00000330000003,175.03621392861712,4.403591369140215e-07
256.0000038,175.03621392873154,-2.7871345472375526e-07
288.0000043,175.0362139286339,2.857899477536027e-09
320.0000048,175.03621392880748,5.6794869582677394e-08
352.0000052,175.03621392944734,2.4361779816512115e-07
384.00000570000003,175.03621392930955,-4.998382269351112e-09
416.0000062,175.03621392867373,-1.6533800674426477e-09
448.0000067,175.036213936859,-5.035603130396186e-07
480.00000719999997,175.0362139165872,6.328452801453799e-07
512.0000076,175.03621390779875,4.301352909840802e-07
544.0000081000001,175.03621394513735,-3.475645756665286e-07
576.0000086,175.0362139407256,-1.4964367900754697e-07
608.0000091,175.0362139668139,-1.494977006724426e-08
640.0000094999999,175.03621389332898,2.810007971265744e-08
672.00001,175.03621393818895,3.182451743670782e-09
704.0000105,175.03621390920347,-5.185604373475534e-09
736.0000110000001,175.0362157863198,-7.081288799514633e-07
768.0000114000001,175.0362126996117,6.274978445566017e-07
800.0000119,175.036215563704,-1.769380562993748e-06
832.0000124,175.03621389707482,4.7951226456511414e-08
864.0000129000001,175.03621294921618,9.731683419169022e-07
896.0000134,175.03621394014166,4.774926102113167e-08
928.0000138,175.0362139169071,-4.946273874916304e-08
960.0000143,175.03621385182575,-5.478238198570102e-10
992.0000148,175.03621409819172,-4.787926368023369e-08
1024.000015,175.0362142553509,7.194033378760967e-09
1056.000016,175.03621282402264,1.7804914912040456e-07
1088.000016,175.03621423736,-8.800800275376047e-08
1120.000017,175.03621390561898,1.4496248619853347e-08
1152.000017,175.03621309824956,4.425854999939923e-08
1184.000018,175.03621515618266,-2.0432902712271498e-09
1216.000018,175.03622134627963,1.568092878031579e-07
1248.0000189999998,175.03620844408675,-3.407626176368222e-08
1280.0000189999998,175.03621304338628,3.1009466574949824e-08
1312.00002,175.03621872818135,1.0575744795056234e-07
1344.00002,175.03621441886716,5.0522795185385806e-08
1376.000021,175.0362125054628,6.41559373485144e-08
1408.000021,175.0362143848407,1.0003044455352589e-07
1440.000021,175.03621437700033,1.3600054212973658e-07
1472.0000220000002,175.0362133603522,1.6820252500674202e-07
1504.0000220000002,175.03621411795606,2.0979438823012107e-07
1536.000023,175.03621390897817,2.729905281289406e-07
1568.000023,175.03621389217798,3.3449818011945536e-07
1600.000024,175.0362139262597,4.1437438294685396e-07
1632.000024,175.03621398568092,5.133998368848506e-07
1664.000025,175.03621391647454,6.200463134190163e-07
1696.000025,175.03621389070844,7.546268063083983e-07
1728.0000260000002,175.03621393702178,9.076283577012181e-07
1760.0000260000002,175.03621397414528,1.0832850682609437e-06
1792.000027,175.03621392286945,1.2864465320827734e-06
1824.000027,175.03621387963716,1.5258643463553825e-06
1856.0000280000002,175.03621384954172,1.7976364543143962e-06
1888.0000280000002,175.03621394242666,2.089714882007512e-06
1920.0000289999998,175.03621404657557,2.4236250220429318e-06
1952.0000289999998,175.036214040959,2.812724446732409e-06
1984.0000300000002,175.03621394128575,3.2572340158687434e-06
2016.0000300000002,175.03621391787146,3.742526988927897e-06
2048.000031,175.03621395386065,4.271852788798463e-06
2080.000031,175.03621391321013,4.860548116124229e-06
2112.000031,175.03621380672828,5.509484021819788e-06
2144.000032,175.03621378013483,6.224660761072428e-06
2176.000032,175.03621390376728,7.015765680501908e-06
2208.000033,175.03621406577628,7.88242268042752e-06
2240.000033,175.03621409926652,8.821957438715128e-06
2272.000034,175.03621397940543,9.837708456332532e-06
2304.000034,175.03621388808693,1.0941056200453483e-05
2336.000035,175.03621382821066,1.2135327521725742e-05
2368.000035,175.03621379405428,1.3421857863917966e-05
2400.000036,175.036213904517,1.4806574497628843e-05
2432.000036,175.03621402148673,1.6293701248969094e-05
2464.0000370000002,175.03621404654223,1.7887596179006096e-05
2496.0000370000002,175.0362139795924,1.9590611572452108e-05
2528.0000379999997,175.0362139219464,2.140273510238617e-05
2560.0000379999997,175.03621386113213,2.332623155787623e-05
2592.000039,175.03621382515334,2.5372792181964863e-05
2624.000039,175.03621390621427,2.7549209899405643e-05
2656.00004,175.03621397357335,2.9849927884177823e-05
2688.00004,175.0362139963843,3.227736698265262e-05
2720.0000410000002,175.0362139860117,3.483622368972263e-05
2752.0000410000002,175.0362139500689,3.753142175586525e-05
2784.0000410000002,175.0362138804065,4.036532666633679e-05
2816.000042,175.036213846017,4.334043389591902e-05
2848.000042,175.0362139027307,4.6460415473341494e-05
2880.000043,175.0362139455469,4.972493225016423e-05
2912.000043,175.03621396812434,5.313482545935821e-05
2944.0000440000003,175.0362139835889,5.669528867409388e-05
2976.0000440000003,175.03621395885165,6.04100874818657e-05
3008.000045,175.03621390063375,6.427971616964449e-05
3040.000045,175.03621387143468,6.830102567025358e-05
3072.000046,175.0362138981856,7.247483416368589e-05
3104.000046,175.0362139210466,7.680939933521758e-05
3136.000047,175.03621395238244,8.130805618915947e-05
3168.000047,175.03621397916282,8.596412932471028e-05
3200.000048,175.03621396053572,9.077702510727061e-05
3232.000048,175.03621391780288,9.574978309885315e-05
3264.0000489999998,175.0362138925193,0.00010088680299305381
3296.0000489999998,175.0362138951032,0.00010618813668922936
3328.00005,175.03621390565243,0.00011164958529137328
3360.00005,175.03621394535318,0.00011727105751599565
3392.000051,175.0362139732657,0.00012305588939834605
3424.000051,175.0362139538245,0.00012900419340928113
3456.000051,175.03621392635887,0.00013511392084622451
3488.0000520000003,175.0362139069628,0.00014138377324468527
3520.0000520000003,175.03621390014112,0.00014781322866446754
3552.000053,175.03621390459264,0.00015440249008172893
3584.000053,175.0362139366201,0.00016115067710294916
3616.000054,175.03621395851124,0.0001680574512508399
3648.000054,175.0362139468605,0.00017512281438307635
3680.0000549999995,175.03621393689585,0.00018234282825260796
3712.0000549999995,175.0362139196218,0.00018971486210838873
3744.0000560000003,175.0362139031292,0.00019723906155574082
3776.0000560000003,175.03621390428245,0.00020491685576991048
3808.000057,175.03621393136385,0.00021274679124450618
3840.000057,175.03621394844754,0.00022072349874135223
3872.0000579999996,175.03621394456772,0.0002288448352149995
3904.0000579999996,175.03621394106872,0.0002371115017979854
3936.0000590000004,175.03621392501313,0.00024552132061962857
3968.0000590000004,175.03621389885652,0.00025407157053648874
4000.0000600000003,175.03621386978793,0.00026276000059744306
4032.0000600000003,175.036213851822,0.00027158425811589097
4064.0000609999997,175.03621386756623,0.00028054161187926273
4096.000061,175.0362139231974,0.000289630104290578
4128.000062,175.03621395623972,0.0002988507028747725
4160.000062,175.0362139927427,0.000308200916380782
4192.000062,175.03621401911442,0.0003176800400165778
4224.000063,175.0362140144982,0.00032728785734137633
4256.000063,175.0362140151799,0.0003370138639263607
4288.000064,175.03621402079742,0.0003468526570124974
4320.000064,175.03621401061665,0.00035680111771252865
4352.000065,175.03621397816235,0.0003668525624887899
4384.000065,175.03621392748488,0.00037700337578889745
4416.000066,175.03621394551638,0.00038728007970860814
4448.000066,175.03621402056518,0.00039767099659047305
4480.000067,175.036214186766,0.0004081804119468581
4512.000067,175.03621448707997,0.000418814542784313
4544.000068,175.0362147514798,0.0004295395052205646
4576.000068,175.03621481118347,0.0004403219912106014
4608.000069,175.03621468315058,0.00045116430961074984
4640.000069,175.03621425737413,0.00046204510696732656
4672.00007,175.03621339971312,0.000472938880406676
4704.00007,175.03621281158817,0.00048396617949605393
4736.000071,175.0362122186482,0.0004950771470551907
4768.000071,175.03621172430246,0.000506288001189026
4800.000072,175.0362114676254,0.0005176212728379973
4832.000072,175.03621142063002,0.0005290597890559435
4864.000072,175.03621139688795,0.0005405484234243843
4896.000072999999,175.03621163190434,0.0005521250525312298
4928.000072999999,175.03621219120802,0.0005637865903226274
4960.0000740000005,175.03621314319238,0.0005755278504483607
4992.0000740000005,175.03621399281963,0.0005873337890457562
5024.000075,175.03621471060538,0.0005991926891441518
5056.000075,175.03621517047776,0.000611088457941355
5088.000075999999,175.03621512640697,0.0006230000005775525
5120.000075999999,175.03621457827393,0.0006349151441031304
5152.000077000001,175.03621435794568,0.000646856115644141
5184.000077000001,175.03621400783788,0.0006587866582659857
5216.000078,175.03621360585245,0.0006706916648354903
5248.000078,175.03621327146234,0.0006825554394826194
5280.0000789999995,175.03621293529417,0.0006944833959499439
5312.0000789999995,175.0362126811241,0.0007065285238627817
5344.00008,175.03621271244089,0.000718711493179632
5376.00008,175.036213201177,0.0007311015249673835
5408.000081,175.03621423073227,0.0007437306686965406
5440.000081,175.0362147602513,0.0007561388518251818
5472.0000820000005,175.0362151493173,0.0007684843406378564
5504.0000820000005,175.0362151731341,0.0007806715019582439
5536.0000820000005,175.0362145345536,0.0007925763562281746
5568.000083,175.0362137584965,0.0008044264874332306
5600.000083,175.03621343906894,0.0008164818166612742
5632.000084,175.03621323690476,0.0008286093721927744
5664.000084,175.03621333037034,0.0008408995034415377
5696.000085000001,175.03621395739094,0.0008534717373180456
5728.000085000001,175.03621410723215,0.0008658092210438513
5760.000086,175.0362142262067,0.0008781344476488756
5792.000086,175.03621427120427,0.0008904191168756615
5824.000086999999,175.03621415277976,0.0009026092090495485
5856.000086999999,175.03621394285352,0.0009147330056324844
5888.000088000001,175.03621391371698,0.0009269212578724061
5920.000088000001,175.03621390452125,0.0009390759722884393
5952.000089,175.0362139415919,0.0009511943017129823
5984.000089,175.03621406069573,0.0009632754657871447
6016.00009,175.03621411483851,0.000975336200461773
6048.00009,175.03621411559791,0.000987384676474861
6080.000091,175.03621406719765,0.0009994339037864178
6112.000091,175.03621394113455,0.0010115041906998167
6144.000092,175.03621374852884,0.0010235876663273558
6176.000092,175.0362136571107,0.0010355632999143563
6208.000093,175.03621361146287,0.0010474728858148618
6240.000093,175.03621365350924,0.0010592881887996777
6272.000093,175.03621383688713,0.001070973199468357
6304.000094,175.03621400910643,0.0010826209720977895
6336.000094,175.03621410584282,0.0010942685576762735
6368.000095,175.0362141574625,0.0011058928187905024
6400.000095,175.03621411357182,0.0011175206214325368
6432.000096,175.03621393394445,0.001129172941112976
6464.000096,175.03621387997524,0.0011406972529940545
6496.000097,175.0362138291225,0.0011521617711855922
6528.000097,175.03621380557885,0.0011635502740770273
6560.0000979999995,175.03621384304307,0.0011748410193581646
6592.0000979999995,175.03621389697813,0.001186060024155724
6624.000099,175.0362139062129,0.0011972437177403302
6656.000099,175.0362139193852,0.0012083622381150727
6688.0001,175.03621393186262,0.0012194184378421216
6720.0001,175.03621393642413,0.0012304171584863422
6752.0001010000005,175.03621395122553,0.0012413357716015583
6784.0001010000005,175.03621396259015,0.0012521840530953425
6816.000102,175.03621396393228,0.0012629632310050163
6848.000102,175.0362139480981,0.0012736738869126426
6880.000103,175.03621392094968,0.0012843126313871907
6912.000103,175.03621390860448,0.0012948699258391804
6944.000103,175.03621390011676,0.0013053471150904362
6976.000104000001,175.03621390185555,0.0013157402273577866
7008.000104000001,175.03621392230588,0.0013260444731799262
7040.000105,175.03621393465122,0.0013362693305056478
7072.000105,175.03621394080736,0.001346412739043258
7104.000106,175.036213944283,0.0013564720435858123
7136.000106,175.03621394135692,0.0013664475503753935
7168.000106999999,175.0362139312009,0.0013763386918798927
7200.000106999999,175.0362139292741,0.0013861394088318627
7232.000108,175.03621392707262,0.0013958520687556734
7264.000108,175.0362139253325,0.0014054760050931775
7296.0001090000005,175.0362139251358,0.0014150106035039276
7328.0001090000005,175.03621392470944,0.0014244524784565295
7360.000109999999,175.03621392350405,0.001433798965881158
7392.000109999999,175.03621392298433,0.0014430487603738604
7424.000111,175.03621392355683,0.0014521992083304754
7456.000111,175.0362139255917,0.0014612479868564023
7488.000112000001,175.03621392751583,0.00147020603610487
7520.000112000001,175.03621393012438,0.0014790682753602579
7552.000112999999,175.03621393327182,0.001487836052342459
7584.000112999999,175.036213936716,0.0014965113972107954
7616.000112999999,175.03621393955342,0.0015050883585606355
7648.000114,175.03621394049233,0.0015135575986122264
7680.000114,175.036213938807,0.0015219217422084443
7712.000115000001,175.03621393316334,0.001530177080534334
7744.000115000001,175.03621392194952,0.0015383190655164497
7776.000115999999,175.03621391500593,0.001546365868456352
7808.000115999999,175.03621391060548,0.0015543120164518793
7840.0001170000005,175.03621391050265,0.001562158629236215
7872.0001170000005,175.03621391781354,0.0015699091072252486
7904.000118000001,175.0362139305099,0.0015775599889998524
7936.000118000001,175.03621393659068,0.0015850944863756696
7968.000118999999,175.03621394127074,0.0015925189208281598
8000.000118999999,175.03621394202307,0.0015998292880060284
8032.000120000001,175.03621393549045,0.0016070205263021386
8064.000120000001,175.03621393118328,0.0016141081329217304
8096.000120999999,175.0362139289806,0.0016210927306663178
8128.000120999999,175.03621392704335,0.0016279725672762224
8160.0001219999995,175.03621392656316,0.0016347510293028352
8192.000122,175.0362139280816,0.001641428644461363
8224.000123,175.03621392688993,0.0016479864865125546
8256.000123,175.03621392595315,0.00165443249498854
8288.000124,175.03621392544514,0.0016607638215941113
8320.000124,175.0362139255431,0.0016669767804763907
8352.000124,175.03621392603617,0.001673078981384988
8384.000125,175.03621392676027,0.001679075344545209
8416.000125,175.0362139277678,0.0016849624882781698
8448.000126,175.03621392888718,0.0016907424192935205
8480.000126,175.03621392988407,0.0016964173413982066
8512.000127,175.0362139310621,0.0017019748875671823
8544.000127,175.03621393191852,0.0017074206261311039
8576.000128,175.03621393214965,0.001712753457134217
8608.000128,175.03621393138474,0.0017179719096218975
8640.000129,175.03621393003567,0.0017230776418532246
8672.000129,175.0362139290035,0.0017280741953939588
8704.00013,175.03621392785533,0.001732959403306771
8736.00013,175.03621392685912,0.0017377338061633485
8768.000131,175.0362139263868,0.001742398149947642
8800.000131,175.03621392577298,0.0017469500839139738
8832.000132,175.03621392552355,0.001751390513890237
8864.000132,175.0362139259759,0.0017557197286290917
8896.000133,175.03621392742022,0.0017599377391990956
8928.000133,175.0362139295906,0.0017640447403852093
8960.000134,175.03621393094429,0.0017680413648992603
8992.000134,175.03621393187615,0.0017719275207445416
9024.000134,175.0362139318372,0.0017757034223889032
9056.000135,175.0362139301161,0.0017793693036117018
9088.000135,175.03621392878387,0.001782925183444331
9120.000136,175.03621392808517,0.0017863712298275703
9152.000136,175.03621392767613,0.0017897076598195293
9184.000137,175.03621392799732,0.0017929346308683904
9216.000137,175.03621392924225,0.0017960524277218857
9248.000138,175.03621392921985,0.0017990622197625197
9280.000138,175.03621392899146,0.0018019640770080853
9312.000139,175.03621392836413,0.0018047585624091226
9344.000139,175.03621392707717,0.0018074463162420628
9376.00014,175.03621392596693,0.001810026963962309
9408.00014,175.03621392576133,0.0018125002433149314
9440.000141,175.03621392625843,0.001814866772958416
9472.000141,175.0362139278543,0.001817126618950742
9504.000142,175.03621393099425,0.0018192797964892934
9536.000142,175.03621393252214,0.0018213287800696103
9568.000143000001,175.0362139334675,0.0018232731365333949
9600.000143000001,175.03621393319534,0.0018251135502943
9632.000144,175.03621393088582,0.001826850800717475
9664.000144,175.03621392758112,0.0018284850760394418
9696.000144,175.03621392588724,0.0018300160769918565
9728.000145,175.0362139246814,0.0018314448001988518
9760.000145,175.0362139246825,0.0018327716668559185
9792.000145999998,175.0362139268362,0.0018339970693860555
9824.000145999998,175.03621392792192,0.0018351217470616926
9856.000147,175.0362139287464,0.0018361460759304415
9888.000147,175.03621392950876,0.001837070465393445
9920.000148000001,175.03621392985423,0.0018378953506258636
9952.000148000001,175.0362139297488,0.001838621355146195
9984.000149,175.03621393021336,0.0018392496240906152
10016.00015,175.03621393045378,0.0018397805466085183
10048.00015,175.0362139303442,0.0018402148707805782
10080.00015,175.0362139297423,0.0018405534027295608
10112.00015,175.03621392888,0.0018407962699027516
10144.00015,175.03621392778876,0.0018409440170018465
10176.00015,175.0362139263997,0.0018409974219502634
10208.00015,175.03621392477604,0.0018409570587013216
10240.00015,175.03621392301875,0.001840823481914705
10272.00015,175.0362139212711,0.0018405972233839362
10304.00015,175.03621391972325,0.0018402787884638553
10336.00015,175.03621391861685,0.001839868652498097
10368.00015,175.03621391824942,0.0018393672572465654
10400.00015,175.03621391785916,0.0018387763536551948
10432.00016,175.03621391721555,0.0018380970913352609
10464.00016,175.03621391711795,0.001837329422029392
10496.00016,175.0362139177356,0.001836474095876203
10528.00016,175.0362139192571,0.0018355318831924752
10560.00016,175.0362139218912,0.0018345035753471967
10592.00016,175.0362139258676,0.0018333899858339856
10624.00016,175.03621393143746,0.001832191951343506
10656.00016,175.03621393887425,0.0018309103328358889
10688.00016,175.03621394616107,0.0018295451710575682
10720.00016,175.0362139506523,0.0018280962947553436
10752.00016,175.0362139545264,0.0018265653144458078
10784.00016,175.0362139573449,0.0018249529034800058
10816.00016,175.03621395859176,0.0018232597270843374
10848.00016,175.03621395766842,0.0018214864413321078
10880.00016,175.03621395388868,0.001819633692115077
10912.00016,175.0362139464739,0.0018177021141150141
10944.00016,175.03621393454756,0.0018156923297752443
10976.00016,175.03621392078222,0.0018136060094307838
11008.00016,175.0362139148493,0.0018114468744291309
11040.00016,175.0362139091064,0.0018092136319435158
11072.00016,175.0362139039947,0.0018069073562573838
11104.000170000001,175.03621390004045,0.00180452916389616
11136.000170000001,175.03621389786025,0.0018020802186665215
11168.000170000001,175.03621389816675,0.0017995617292407295
11200.000170000001,175.0362139017741,0.001796974954151296
11232.000170000001,175.03621390960336,0.001794321203102964
11264.000170000001,175.0362139211625,0.0017916004754008439
11296.000170000001,175.0362139236716,0.0017888017391301113
11328.000170000001,175.0362139262977,0.001785933522036153
11360.000170000001,175.0362139287976,0.0017829958863276305
11392.000170000001,175.03621393087315,0.0017799887862339496
11424.000170000001,175.03621393216793,0.0017769120617530554
11456.000170000001,175.03621393226285,0.001773765432399228
11488.000170000001,175.03621393067294,0.0017705484909508798
11520.000170000001,175.03621392684337,0.001767260697198351
11552.000170000001,175.03621392014566,0.001763901371691705
11584.000170000001,175.03621390650406,0.0017604872753135346
11616.000170000001,175.03621388680543,0.001757008697676553
11648.000170000001,175.03621385992813,0.0017534658078311525
11680.000170000001,175.03621382451897,0.0017498593578597218
11712.000170000001,175.03621377908934,0.001746190153258828
11744.000170000001,175.0362137220097,0.0017424590572168316
11776.00018,175.03621365150366,0.0017386669936970591
11808.00018,175.03621356564227,0.0017348149564746147
11840.00018,175.03621346233834,0.0017309040063034175
11872.00018,175.03621339526455,0.0017268595519717672
11904.00018,175.03621334775409,0.0017227020996420032
11936.00018,175.0362133139369,0.0017184373805187256
11968.00018,175.03621329889162,0.0017140561426916652
12000.00018,175.03621330837467,0.0017095480541756633
12032.00018,175.03621334885628,0.0017049016516812443
12064.00018,175.03621342755537,0.0017001042893851949
12096.00018,175.03621355247492,0.0016951420877011393
12128.00018,175.03621373243715,0.0016899998820501193
12160.00018,175.03621388012755,0.00168521829863451
12192.00018,175.0362139967745,0.0016808330879606753
12224.00018,175.03621411817485,0.001676685307657598
12256.00018,175.0362142397795,0.0016728517929705013
12288.00018,175.03621435614468,0.0016694186941243968
12320.00018,175.03621446087695,0.0016664819429517933
12352.00018,175.03621454657858,0.0016641477195204035
12384.00018,175.0362146047923,0.0016625329187608586
12416.00019,175.0362146259464,0.0016617656170012974
12448.00019,175.03621463051292,0.0016601846583037625
12480.00019,175.0362146269015,0.0016567663327000952
12512.00019,175.03621458455893,0.001652673718175661
12544.00019,175.03621449610688,0.0016476688704253548
12576.00019,175.03621435358565,0.0016414807503508822
12608.00019,175.03621414843826,0.0016338034512362242
12640.00019,175.03621387149448,0.001624294425923102
12672.00019,175.0362135129543,0.0016125727139864414
12704.00019,175.03621306237218,0.001598217168909836
12736.00019,175.0362126365242,0.0015840888415971143
12768.00019,175.0362124374526,0.0015752390553265428
12800.00019,175.03621231067538,0.001567424295023293
12832.00019,175.0362122855222,0.0015611501677813102
12864.00019,175.03621239541175,0.0015569983968828963
12896.00019,175.0362126780687,0.0015556311067243373
12928.00019,175.03621317574056,0.0015577951077415336
12960.00019,175.0362139354147,0.0015643261813356273
12992.00019,175.03621490536614,0.0015744012884501837
13024.00019,175.03621527802423,0.0015744331888148783
13056.00019,175.03621557489174,0.001573307602552781
13088.0002,175.03621574739466,0.0015702869053067373
13120.0002,175.0362157387895,0.0015645073672652305
13152.0002,175.0362154836701,0.0015549714242139457
13184.0002,175.03621490747366,0.0015405399567436973
13216.0002,175.0362139259873,0.0015199245659565776
13248.0002,175.0362132981106,0.0015049269936204224
13280.0002,175.0362129706585,0.0014947414669716475
13312.0002,175.03621273040676,0.0014860779017035687
13344.0002,175.03621263818943,0.0014799013806302947
13376.0002,175.03621276601797,0.0014773507639949646
13408.0002,175.03621319780922,0.0014797499268830083
13440.0002,175.03621399142347,0.0014879705431235083
13472.0002,175.03621413164416,0.0014849052092866493
13504.0002,175.0362142533248,0.0014811060931797474
13536.0002,175.0362143371637,0.0014761400071503102
13568.0002,175.03621436131345,0.0014695219928766176
13600.0002,175.03621430138122,0.0014607153213677209
13632.0002,175.03621413042856,0.0014491314929634426
13664.0002,175.03621393721926,0.0014372066211402188
13696.0002,175.03621389518062,0.0014295939268819417
13728.0002,175.03621385957274,0.0014226834937436307
13760.00021,175.0362138384435,0.00141685486330207
13792.00021,175.0362138410398,0.0014125332269537543
13824.00021,175.03621387780726,0.0014101894147869015
13856.00021,175.03621392430983,0.001408297330354483
13888.00021,175.0362139259958,0.0014036037685954403
13920.00021,175.03621392783248,0.0013984672113721173
13952.00021,175.03621392871233,0.0013926155557962706
13984.00021,175.03621392728925,0.0013857409703666634
14016.00021,175.0362139219786,0.0013774998949690634
14048.00021,175.03621391608286,0.0013688449774129042
14080.00021,175.036213917445,0.0013619349684109163
14112.00021,175.03621391945066,0.0013551981331797736
14144.00021,175.03621392204738,0.0013487940976868586
14176.00021,175.03621392516928,0.0013429053019745224
14208.00021,175.0362139287374,0.0013377370001600869
14240.00021,175.03621393255006,0.001332828991833345
14272.00021,175.03621393628518,0.0013270696378592786
14304.00021,175.03621393991642,0.0013213151924864048
14336.00021,175.03621394325694,0.0013155175923777577
14368.00021,175.03621394610147,0.0013096198767101209
14400.00021,175.03621394822656,0.001303556187174029
14432.000219999998,175.03621394947416,0.001297408937479027
14464.000219999998,175.03621394975346,0.0012914117746263597
14496.000219999998,175.0362139487136,0.0012853365813865676
14528.000219999998,175.03621394610042,0.0012791614848539834
14560.000219999998,175.03621394164506,0.001272863040590756
14592.000219999998,175.03621393506447,0.0012664162326268523
14624.000219999998,175.03621392816876,0.0012599160782500304
14656.000219999998,175.03621392498505,0.0012535847758951843
14688.000219999998,175.03621392333446,0.0012472857064302686
14720.000219999998,175.03621392395553,0.0012410498385902033
14752.000219999998,175.03621392767178,0.0012349123044079586
14784.000219999998,175.0362139353917,0.0012289123992145546
14816.000219999998,175.03621394472708,0.0012230002590582314
14848.000219999998,175.03621394894807,0.001217008029864148
14880.000219999998,175.03621395120553,0.00121104233889019
14912.000219999998,175.0362139498629,0.0012050795189550818
14944.000219999998,175.0362139428931,0.0011990869455324547
14976.000219999998,175.03621392784552,0.0011930221228328977
15008.000219999998,175.03621390926403,0.0011869111766109825
15040.000219999998,175.03621390128012,0.0011808759245529779
15072.000219999998,175.03621389549494,0.0011747910457572815
15104.000230000001,175.0362138938627,0.0011686339444061849
15136.000230000001,175.03621389880846,0.0011623788864899105
15168.000230000001,175.03621391326877,0.0011559968614460498
15200.000230000001,175.03621393249367,0.0011495601777025276
15232.000230000001,175.03621394081762,0.001143283889703167
15264.000230000001,175.03621394802144,0.0011370640431313762
15296.000230000001,175.0362139523026,0.0011309486986212864
15328.000230000001,175.0362139513879,0.001124997088110087
15360.000230000001,175.03621394249103,0.0011192805386951085
15392.000230000001,175.03621392933618,0.0011136873798022258
15424.000230000001,175.0362139252403,0.0011078371753131782
15456.000230000001,175.03621392118524,0.0011019663219651527
15488.000230000001,175.03621391815517,0.001096030616455513
15520.000230000001,175.03621391744122,0.0010899740061372956
15552.000230000001,175.03621392067157,0.0010837275217030766
15584.000230000001,175.03621392603864,0.0010773858820074366
15616.000230000001,175.03621392647113,0.0010712932561592033
15648.000230000001,175.0362139272318,0.0010652212731438588
15680.000230000001,175.03621392819605,0.0010591974394025384
15712.000230000001,175.03621392916443,0.0010532572161078672
15744.000230000001,175.03621392985346,0.0010474447792763945
15776.000240000001,175.03621393037997,0.0010417060247630405
15808.000240000001,175.03621393151653,0.0010358315585888337
15840.000240000001,175.0362139323472,0.0010299671237931228
15872.000240000001,175.0362139326063,0.001024101879354138
15904.000240000001,175.0362139319713,0.0010182214083575573
15936.000240000001,175.036213930059,0.0010123073558014081
15968.000240000001,175.036213927476,0.0010063815325211253
16000.000240000001,175.03621392643151,0.0010005315557716295
16032.000240000001,175.03621392562565,0.0009946951751713595
16064.000240000001,175.0362139253564,0.0009888753768994309
16096.000240000001,175.03621392599993,0.0009830761215239914
16128.000240000001,175.03621392801747,0.000977302450865534
16160.000240000001,175.03621393073396,0.0009715493047129739
16192.000240000001,175.03621393156592,0.000965794464218503
16224.000240000001,175.03621393211657,0.0009600546226363294
16256.000240000001,175.0362139321187,0.0009543297503054267
16288.000240000001,175.03621393123723,0.0009486197044188086
16320.000240000001,175.03621392906274,0.0009429242152522549
16352.000240000001,175.03621392622014,0.000937243769523062
16384.00024,175.036213925126,0.0009315802114829254
16416.00024,175.0362139243277,0.000925932176845939
16448.00025,175.03621392410395,0.0009202995906738702
16480.00025,175.03621392480147,0.0009146823266559896
16512.00025,175.0362139268409,0.000909080192487702
16544.00025,175.03621392964834,0.0009034940332777919
16576.00025,175.03621393086897,0.00089792653723509
16608.00025,175.03621393195417,0.0008923765154780222
16640.00025,175.0362139326589,0.000886844539726807
16672.00025,175.0362139326729,0.0008813312735443345
16704.00025,175.03621393161507,0.0008758374803444888
16736.00025,175.036213929878,0.0008703625765157704
16768.00025,175.03621392929492,0.0008649034889122444
16800.00025,175.03621392861055,0.000859462399335706
16832.00025,175.0362139279202,0.0008540391505325366
16864.00025,175.03621392735403,0.0008486334936187489
16896.00025,175.0362139270812,0.0008432450799192664
16928.00025,175.03621392701896,0.00083787445077396
16960.00025,175.036213926588,0.0008325238730971838
16992.00025,175.0362139263167,0.000827191898606211
17024.00025,175.03621392627855,0.0008218786706524176
17056.00025,175.03621392655663,0.0008165843529040418
17088.00025,175.03621392724335,0.0008113091324261143
17120.00026,175.03621392821282,0.0008060532576186614
17152.00026,175.0362139289148,0.0008008170807604645
17184.00026,175.03621392964862,0.0007956008478370938
17216.00026,175.03621393032293,0.0007904049063409689
17248.00026,175.03621393082003,0.0007852296485245304
17280.00026,175.03621393099385,0.0007800755148968684
17312.00026,175.0362139308978,0.0007749421270800192
17344.00026,175.03621393100323,0.0007698274565226337
17376.00026,175.0362139308832,0.000764732795257784
17408.00026,175.0362139304849,0.0007596579407042989
17440.00026,175.03621392975353,0.0007546026118367428
17472.00026,175.03621392863266,0.0007495664426046219
17504.00026,175.03621392729252,0.0007445499999217743
17536.00026,175.03621392636214,0.0007395558197457546
17568.00026,175.0362139255989,0.0007345824159106576
17600.00026,175.03621392517456,0.0007296300552326285
17632.00026,175.0362139252993,0.0007246990585977075
17664.00026,175.03621392622475,0.0007197898064056741
17696.00026,175.0362139277058,0.0007149020942987456
17728.00026,175.0362139284204,0.0007100344382091476
17760.00026,175.03621392920877,0.000705187965307791
17792.00027,175.03621392996234,0.0007003626793599698
17824.00027,175.03621393053723,0.0006955585648028276
17856.00027,175.0362139307504,0.0006907755754088934
17888.00027,175.03621393066746,0.000686013807571765
17920.00027,175.03621393093056,0.000681273689763131
17952.00027,175.03621393097401,0.0006765549421426267
17984.00027,175.03621393072794,0.0006718575691452864
18016.00027,175.0362139301165,0.0006671815668829078
18048.00027,175.03621392905814,0.0006625269229016393
18080.00027,175.03621392772456,0.0006578937597997119
18112.00027,175.0362139268527,0.0006532825081148549
18144.00027,175.03621392612087,0.0006486930041093237
18176.00027,175.0362139256989,0.0006441253505654706
18208.00027,175.0362139257968,0.0006395796656686465
18240.00027,175.03621392666795,0.0006350560845265886
18272.00027,175.0362139280851,0.000630554551698877
18304.00027,175.0362139286753,0.0006260745575714377
18336.00027,175.03621392930674,0.0006216164816561129
18368.00027,175.03621392987435,0.0006171803181451764
18400.00027,175.03621393023917,0.0006127660486437858
18432.00027,175.0362139302249,0.0006083736410924893
18464.00028,175.03621392990453,0.0006040030503062434
18496.00028,175.03621392998392,0.0005996542263322557
18528.00028,175.03621392989385,0.0005953270855916052
18560.00028,175.03621392959104,0.0005910215338267872
18592.00028,175.03621392903094,0.000586737458264826
18624.00028,175.03621392816777,0.0005824747265773463
18656.00028,175.03621392715002,0.0005782336172975869
18688.00028,175.03621392659403,0.0005740154247731494
18720.00028,175.03621392627298,0.0005698195528242817
18752.00028,175.03621392635534,0.0005656462558414028
18784.00028,175.03621392704588,0.0005614958423258059
18816.00028,175.0362139285885,0.0005573686793720405
18848.00028,175.0362139306669,0.0005532642784414627
18880.00028,175.03621393151784,0.0005491799444981901
18912.00028,175.0362139320906,0.000545117116757591
18944.00028,175.03621393214135,0.000541075414598224
18976.00028,175.03621393136802,0.0005370543679660032
19008.00028,175.03621392940525,0.0005330534099191298
19040.00028,175.03621392664868,0.0005290730821689072
19072.00028,175.03621392553345,0.0005251169053572768
19104.00028,175.03621392467164,0.0005211828020958172
19136.00029,175.0362139243361,0.0005172711180268678
19168.00029,175.03621392486764,0.0005133822967311726
19200.00029,175.0362139266812,0.0005095168809421693
19232.00029,175.03621392940718,0.0005056743613279954
19264.00029,175.0362139304942,0.0005018512937710578
19296.00029,175.0362139314727,0.0004980497369844952
19328.00029,175.03621393211836,0.0004942693908339852
19360.00029,175.03621393214536,0.000490509878055674
19392.00029,175.03621393120088,0.00048677073719914274
19424.00029,175.03621392951746,0.0004830522128960823
19456.00029,175.03621392902596,0.00047935660410482585
19488.00029,175.03621392847077,0.0004756823449219857
19520.00029,175.03621392794415,0.000472029498488715
19552.00029,175.03621392757083,0.00046839816330150326
19584.00029,175.03621392751168,0.0004647884770077877
19616.00029,175.03621392771225,0.0004612003747462831
19648.00029,175.03621392745274,0.0004576331562630537
19680.00029,175.03621392728698,0.00045408735462315185
19712.00029,175.0362139272512,0.00045056301072722744
19744.00029,175.03621392738395,0.0004470601751908727
19776.00029,175.03621392772624,0.00044357890874574307
19808.0003,175.03621392823734,0.00044011894563136545
19840.0003,175.03621392863892,0.0004366790732566133
19872.0003,175.03621392906692,0.0004332597416956169
19904.0003,175.0362139294688,0.00042986065124086875
19936.0003,175.0362139297766,0.00042648144698843627
19968.0003,175.03621392990573,0.0004231217145179154
20000.0003,175.03621392986832,0.0004197817599899378
20032.0003,175.03621392999577,0.00041646413132907404
20064.0003,175.03621393001958,0.00041316735421580755
20096.0003,175.03621392991548,0.00040989169345229787
20128.0003,175.03621392965883,0.0004066374924619364
20160.0003,175.03621392922534,0.00040340518017502634
20192.0003,175.03621392865253,0.00040019433868590076
20224.0003,175.03621392816476,0.00039700180215502097
20256.0003,175.03621392767135,0.0003938293465884167
20288.0003,175.0362139272279,0.0003906766432463023
20320.0003,175.0362139269042,0.0003875432889171084
20352.0003,175.03621392678562,0.00038442879916177514
20384.0003,175.03621392687853,0.000381333333292917
20416.0003,175.03621392690826,0.00037825923950056395
20448.0003,175.03621392712327,0.000375204911613465
20480.00031,175.03621392756145,0.0003721703970481402
20512.00031,175.03621392826207,0.00036915578504173726
20544.00031,175.03621392926533,0.00036616120501441364
20576.00031,175.03621393045825,0.0003631865405777136
20608.00031,175.0362139312342,0.00036023078234760533
20640.00031,175.03621393181533,0.00035729455873758856
20672.00031,175.03621393204554,0.00035437783504340716
20704.00031,175.03621393173566,0.00035148057697002735
20736.00031,175.0362139306609,0.00034860275026903597
20768.00031,175.03621392896204,0.0003457442208815161
20800.00031,175.0362139280751,0.0003429045249174901
20832.00031,175.03621392716755,0.00034008374569184245
20864.00031,175.03621392637422,0.0003372817154674796
20896.00031,175.03621392586936,0.00033449824308317546
20928.00031,175.03621392587047,0.0003317331120700591
20960.00031,175.03621392635378,0.00032898632605841
20992.00031,175.03621392636478,0.0003262587020165474
21024.00031,175.03621392662703,0.00032354963153297713
21056.00031,175.03621392718364,0.00032085910683516333
21088.00031,175.0362139280755,0.0003181871401943973
21120.00031,175.03621392934,0.00031553376588944215
21152.00032,175.03621393083986,0.00031289886510371846
21184.00032,175.03621393183568,0.00031028172912119146
21216.00032,175.03621393256458,0.00030768269186685736
21248.00032,175.03621393281148,0.0003051016569019501
21280.00032,175.03621393231526,0.0003025385198871133
21312.00032,175.03621393076529,0.00029999316775480346
21344.00032,175.03621392835262,0.0002974655307144396
21376.00032,175.0362139272168,0.00029495571948867015
21408.00032,175.03621392615815,0.0002924635214089449
21440.00032,175.03621392539574,0.0002899888529409725
21472.00032,175.03621392520887,0.00028753162980741406
21504.00032,175.03621392594223,0.0002850917670123038
21536.00032,175.03621392748926,0.00028266919281819147
21568.00032,175.03621392787727,0.00028026388674853094
21600.00032,175.03621392837312,0.00027787574325563067
21632.00032,175.03621392890543,0.00027550469426344994
21664.00032,175.03621392937373,0.0002731506743596564
21696.00032,175.0362139296445,0.00027081362104923906
21728.00032,175.0362139297045,0.00026849343130983926
21760.00032,175.03621393009948,0.00026618983798695447
21792.00032,175.0362139303661,0.00026390284843913345
21824.000330000003,175.0362139304308,0.0002616323513225488
21856.000330000003,175.03621393020856,0.00025937823120406387
21888.000330000003,175.03621392960233,0.0002571403638263676
21920.000330000003,175.03621392867166,0.0002549187030915305
21952.000330000003,175.03621392813147,0.00025271352957127
21984.000330000003,175.03621392760837,0.00025052457838054145
22016.000330000003,175.0362139271975,0.000248351817397649
22048.000330000003,175.03621392702004,0.00024619522594034943
22080.000330000003,175.03621392722567,0.00024405479573149405
22112.000330000003,175.03621392779735,0.00024193039741419022
22144.000330000003,175.03621392794594,0.00023982136853033988
22176.000330000003,175.03621392820457,0.00023772793690738175
22208.000330000003,175.03621392856738,0.00023564995445782638
22240.000330000003,175.03621392901994,0.0002335872570934074
22272.000330000003,175.03621392953772,0.00023153966335255022
22304.000330000003,175.03621393006048,0.00022950716353366341
22336.000330000003,175.03621393041183,0.00022749052735144193
22368.000330000003,175.0362139305674,0.00022548923207434864
22400.000330000003,175.03621393041487,0.00022350330054182946
22432.000330000003,175.0362139298199,0.00022153277937004081
22464.000330000003,175.03621392862502,0.00021957774095812782
22496.000340000002,175.03621392695038,0.00021763797650719492
22528.000340000002,175.0362139261984,0.00021571197449610165
22560.000340000002,175.0362139256744,0.00021380036312072597
22592.000340000002,175.03621392557775,0.00021190286342935973
22624.000340000002,175.03621392615446,0.00021001915301363663
22656.000340000002,175.03621392770125,0.00020814886243477248
22688.000340000002,175.03621393002055,0.00020629215194912
22720.000340000002,175.03621393063833,0.00020445158701237263
22752.000340000002,175.03621393107622,0.00020262550754379132
22784.000340000002,175.03621393121762,0.00020081399405434387
22816.000340000002,175.03621393093042,0.00019901714749589027
22848.000340000002,175.03621393006702,0.00019723508926118262
22880.000340000002,175.03621392875198,0.0001954675461188073
22912.000340000002,175.03621392832017,0.0001937124967518417
22944.000340000002,175.0362139279463,0.00019197103430867952
22976.000340000002,175.0362139277017,0.00019024295669222655
23008.000340000002,175.03621392766826,0.0001885280443607559
23040.000340000002,175.0362139279387,0.0001868260603279082
23072.000340000002,175.03621392846134,0.00018513701543980843
23104.000340000002,175.03621392851278,0.0001834620705550518
23136.000340000002,175.03621392856707,0.00018180033924509523
23168.00035,175.03621392860532,0.0001801517786351406
23200.00035,175.0362139286049,0.00017851635467590668
23232.00035,175.03621392853958,0.00017689403905259666
23264.00035,175.03621392842385,0.00017528473263660248
23296.00035,175.0362139284717,0.00017368798615394537
23328.00035,175.0362139285424,0.00017210397529963614
23360.00035,175.03621392864034,0.000170532621385475
23392.00035,175.03621392877025,0.00016897384551941457
23424.00035,175.03621392893763,0.0001674275686055599
23456.00035,175.03621392913251,0.00016589371946109407
23488.00035,175.03621392927155,0.0001643722648369783
23520.00035,175.03621392939914,0.00016286310576523152
23552.00035,175.03621392950643,0.0001613661707757307
23584.00035,175.03621392958357,0.00015988138898446807
23616.00035,175.0362139296196,0.00015840869009355152
23648.00035,175.03621392960284,0.0001569480043912042
23680.00035,175.03621392952027,0.0001554992627517648
23712.00035,175.03621392935824,0.00015406239663568732
23744.00035,175.0362139291018,0.0001526373380895414
23776.00035,175.0362139287351,0.00015122401974601191
23808.00035,175.03621392824144,0.00014982237482389932
23840.00036,175.0362139276831,0.00014843227322501566
23872.00036,175.0362139274487,0.00014705332740532734
23904.00036,175.03621392722815,0.00014568570193876213
23936.00036,175.03621392703224,0.00014432930734376825
23968.00036,175.0362139268729,0.00014298405307514232
24000.00036,175.03621392676308,0.00014164984752402938
24032.00036,175.03621392671695,0.00014032659801792302
24064.00036,175.03621392674964,0.00013901421082066515
24096.00036,175.03621392687748,0.00013771259113244615
24128.00036,175.03621392711773,0.00013642164308980478
24160.00036,175.03621392748894,0.0001351412697656284
24192.00036,175.0362139280106,0.0001338713731691527
24224.00036,175.03621392860245,0.00013261200119423693
24256.00036,175.03621392875914,0.00013136382177745152
24288.00036,175.03621392890963,0.00013012614175826273
24320.00036,175.03621392904788,0.00012889890266026087
24352.00036,175.03621392916722,0.0001276820473515567
24384.00036,175.03621392926027,0.00012647552004478113
24416.00036,175.03621392931922,0.00012527926629708514
24448.00036,175.03621392933576,0.00012409323301013983
24480.00036,175.03621392930074,0.00012291736843013672
24512.000369999998,175.0362139292048,0.00012175162178506732
24544.000369999998,175.03621392903776,0.00012059594473874221
24576.000369999998,175.03621392878898,0.00011945028920503956
24608.000369999998,175.03621392850337,0.00011831448736053323
24640.000369999998,175.03621392847887,0.00011718782390291353
24672.000369999998,175.03621392846102,0.0001160707791102649
24704.000369999998,175.03621392845272,0.00011496327639075199
24736.000369999998,175.03621392845713,0.00011386523875572298
24768.000369999998,175.03621392847762,0.00011277658881970935
24800.000369999998,175.03621392851787,0.00011169724880042611
24832.000369999998,175.03621392858173,0.00011062714051877176
24864.000369999998,175.03621392867325,0.00010956618539882809
24896.000369999998,175.0362139287969,0.00010851430446786044
24928.000369999998,175.03621392895727,0.00010747141835631761
24960.000369999998,175.03621392915915,0.00010643744729783177
24992.000369999998,175.036213929376,0.00010541238039427694
25024.000369999998,175.0362139294271,0.00010439654497458099
25056.000369999998,175.03621392946255,0.00010338954332752103
25088.000369999998,175.03621392947875,0.00010239131462831174
25120.000369999998,175.03621392947184,0.00010140179869948707
25152.000369999998,175.03621392943788,0.00010042093601090004
25184.00038,175.03621392937256,9.944866737722572e-05
25216.00038,175.03621392927138,9.848493517060834e-05
25248.00038,175.03621392912964,9.752968149768487e-05
25280.00038,175.03621392894232,9.658284941758524e-05
25312.00038,175.03621392870414,9.564438263675851e-05
25344.00038,175.03621392840978,9.471422550897289e-05
25376.00038,175.03621392809035,9.379229548123642e-05
25408.00038,175.036213927972,9.287836467608709e-05
25440.00038,175.03621392786945,9.1972513278312e-05
25472.00038,175.03621392778797,9.107467962670858e-05
25504.00038,175.03621392773292,9.01848022695979e-05
25536.00038,175.03621392771012,8.930281996482471e-05
25568.00038,175.03621392772578,8.842867167975746e-05
25600.00038,175.03621392778638,8.756229659128826e-05
25632.00038,175.03621392789884,8.670363408583291e-05
25664.00038,175.03621392807023,8.585262375933092e-05
25696.00038,175.03621392830834,8.500920541724539e-05
25728.00038,175.03621392862092,8.41733190745632e-05
25760.00038,175.03621392898134,8.334490899942768e-05
25792.00038,175.0362139291554,8.252394374753311e-05
25824.00038,175.03621392932342,8.171034411131837e-05
25856.00039,175.03621392947696,8.09040527587733e-05
25888.00039,175.03621392960616,8.010501350649969e-05
25920.00039,175.03621392970007,7.931316981499151e-05
25952.00039,175.03621392974617,7.852846580581135e-05
25984.00039,175.03621392973056,7.77508460155348e-05
26016.00039,175.03621392963802,7.698025540280004e-05
26048.00039,175.03621392945152,7.621663935535704e-05
26080.00039,175.03621392915267,7.545994369711727e-05
26112.00039,175.03621392872125,7.471011469520282e-05
26144.00039,175.0362139282003,7.396709859981698e-05
26176.00039,175.0362139280515,7.323083909432885e-05
26208.00039,175.03621392790853,7.250128626944591e-05
26240.00039,175.03621392777902,7.177838798271126e-05
26272.00039,175.0362139276719,7.106209254754792e-05
26304.00039,175.03621392759717,7.035234873944464e-05
26336.00039,175.03621392756637,6.964910580214154e-05
26368.00039,175.03621392759214,6.8952313453816e-05
26400.00039,175.03621392768858,6.826192189326839e-05
26432.00039,175.03621392787133,6.75778818061078e-05
26464.00039,175.03621392815745,6.690014437093783e-05
26496.00039,175.0362139285657,6.622866126554235e-05
26528.0004,175.03621392905862,6.55633763209179e-05
26560.0004,175.03621392919328,6.490417702209573e-05
26592.0004,175.0362139293184,6.425106222067927e-05
26624.0004,175.03621392942622,6.36039809637864e-05
26656.0004,175.03621392950808,6.296288240987778e-05
26688.0004,175.03621392955415,6.232771581891932e-05
26720.0004,175.03621392955333,6.169843054254463e-05
26752.0004,175.03621392949333,6.107497601421745e-05
26784.0004,175.0362139293605,6.0457301739394085e-05
26816.0004,175.0362139291399,5.984535728568583e-05
26848.0004,175.03621392881516,5.92390922730215e-05
26880.0004,175.03621392836823,5.863845636380968e-05
26912.0004,175.03621392783631,5.8043416161720766e-05
26944.0004,175.03621392769088,5.7454068808084585e-05
26976.0004,175.036213927567,5.6870261552357866e-05
27008.0004,175.036213927475,5.629195452122273e-05
27040.0004,175.0362139274267,5.5719108763105435e-05
27072.0004,175.03621392743528,5.515168627387452e-05
27104.0004,175.03621392751543,5.4589650022539e-05
27136.0004,175.03621392768335,5.403296397694651e-05
27168.0004,175.03621392795688,5.3481593129481496e-05
27200.000410000004,175.0362139283556,5.2935503352932144e-05
27232.000410000004,175.03621392890068,5.239466210714879e-05
27264.000410000004,175.03621392961526,5.185903744083926e-05
27296.000410000004,175.03621393044958,5.132855388231322e-05
27328.000410000004,175.03621393072336,5.0802757239281126e-05
27360.000410000004,175.03621393095463,5.0281912978083625e-05
27392.000410000004,175.03621393112527,4.976596443925599e-05
27424.000410000004,175.03621393121463,4.925485355318884e-05
27456.000410000004,175.03621393119994,4.874852076474316e-05
27488.000410000004,175.03621393105567,4.824690495786531e-05
27520.000410000004,175.0362139307541,4.774994338020222e-05
27552.000410000004,175.0362139302644,4.725757156771628e-05
27584.000410000004,175.03621392955324,4.676972326930055e-05
27616.000410000004,175.03621392858435,4.6286330371393684e-05
27648.000410000004,175.03621392731839,4.580732282259509e-05
27680.000410000004,175.03621392582966,4.533271851773346e-05
27712.000410000004,175.0362139252803,4.486337434590471e-05
27744.000410000004,175.03621392478988,4.439857299531777e-05
27776.000410000004,175.03621392438907,4.393829983191447e-05
27808.000410000004,175.03621392411227,4.348254362174061e-05
27840.000410000004,175.03621392399816,4.3031296674418934e-05
27872.00042,175.0362139240895,4.258455484771897e-05
27904.00042,175.03621392443364,4.2142318248049716e-05
27936.00042,175.03621392508234,4.170459053629222e-05
27968.00042,175.03621392609242,4.127137963110636e-05
28000.00042,175.03621392752547,4.084269771209309e-05
28032.00042,175.0362139294484,4.04185613632673e-05
28064.00042,175.03621393176388,3.999886414606841e-05
28096.00042,175.03621393262443,3.958218142876766e-05
28128.00042,175.03621393343278,3.916953781493224e-05
28160.00042,175.03621393414758,3.876087063643267e-05
28192.00042,175.03621393472207,3.8356113554933655e-05
28224.00042,175.03621393510346,3.79551963685703e-05
28256.00042,175.03621393523292,3.755804481862438e-05
28288.00042,175.03621393504517,3.716458039620062e-05
28320.00042,175.03621393446826,3.677472014890292e-05
28352.00042,175.03621393342317,3.6388376487510646e-05
28384.00042,175.03621393182388,3.600545699265489e-05
28416.00042,175.03621392957666,3.5625864221494734e-05
28448.00042,175.03621392677832,3.524962320044758e-05
28480.00042,175.03621392581022,3.487823172971621e-05
28512.00042,175.03621392485564,3.451048070125288e-05
28544.00043,175.03621392395496,3.414635799104521e-05
28576.00043,175.0362139231548,3.3785855440098914e-05
28608.00043,175.03621392250813,3.34289683467918e-05
28640.00043,175.03621392207444,3.307569609823716e-05
28672.00043,175.03621392192062,3.272604223100889e-05
28704.00043,175.03621392212048,3.2380014606221606e-05
28736.00043,175.03621392275568,3.203762558461053e-05
28768.00043,175.03621392391565,3.169889220161148e-05
28800.00043,175.03621392569812,3.136383634244089e-05
28832.00043,175.03621392804155,3.103239583909206e-05
28864.00043,175.03621392870505,3.0703353355013293e-05
28896.00043,175.03621392941284,3.037759488122665e-05
28928.00043,175.0362139301428,3.0055080888570367e-05
28960.00043,175.03621393086877,2.973577018333683e-05
28992.00043,175.0362139315601,2.94196197991094e-05
29024.00043,175.03621393218157,2.9106584888599442e-05
29056.00043,175.03621393269307,2.8796618615483183e-05
29088.00043,175.03621393304937,2.8489672046238708e-05
29120.00043,175.03621393319986,2.8185694041982856e-05
29152.00043,175.03621393308833,2.78846311503082e-05
29184.00043,175.036213932653,2.7586427497119925e-05
29216.000439999996,175.0362139319003,2.7291066451675194e-05
29248.000439999996,175.03621393193464,2.6999148648261943e-05
29280.000439999996,175.03621393187842,2.6710162941649028e-05
29312.000439999996,175.03621393172105,2.642408586271777e-05
29344.000439999996,175.03621393145215,2.6140894845414826e-05
29376.000439999996,175.03621393106098,2.5860568266796283e-05
29408.000439999996,175.03621393053703,2.5583085487071844e-05
29440.000439999996,175.0362139298698,2.5308426889648934e-05
29472.000439999996,175.0362139290487,2.5036573921176875e-05
29504.000439999996,175.0362139280635,2.4767509131590977e-05
29536.000439999996,175.03621392690403,2.4501216214156762e-05
29568.000439999996,175.0362139255602,2.4237680045514016e-05
29600.000439999996,175.0362139242006,2.3976860796854798e-05
29632.000439999996,175.03621392603142,2.3718278545549943e-05
29664.000439999996,175.03621392887837,2.346223656372769e-05
