0.0,43.2,0.0
2.00000003,43.2,8.16723079981891e-127
4.00000006,43.2,2.309357105418022e-106
6.000000088999999,43.2,-3.715190136765729e-92
8.000000119,43.2,5.472171975545367e-81
10.00000015,43.200000000003776,-1.3983637183627518e-72
12.00000018,43.19999999998806,-3.9202128815509803e-66
14.00000021,43.1999999999971,7.994233562359504e-62
16.00000024,43.2000000000012,-7.577925526081867e-58
18.00000027,43.200000000001566,6.866706269068161e-56
20.0000003,43.20000000000114,-2.4462930659877167e-53
22.00000033,43.20000000000066,1.860097673930887e-52
24.00000036,43.20000000000031,7.544581187907347e-45
26.00000039,43.20000000000028,1.360771180140019e-38
28.00000042,43.20000000000084,5.013513375567897e-36
30.00000045,43.199999999999854,1.770398956913362e-33
32.00000048,43.20000000000003,1.0961623297853141e-31
34.00000051,43.200000000000195,1.7084736337229468e-30
36.00000054,43.20000000000012,-1.9272272645820998e-29
38.00000057,43.199999999999996,4.021550446171885e-27
40.0000006,43.19999999999999,2.458199655272697e-26
42.00000063,43.199999999999996,1.770908714165244e-26
44.00000066,43.199999999999996,3.3994834142563825e-27
46.00000069,43.20000000000001,1.3449818243876703e-27
48.00000072,43.199999999999996,4.328820569205415e-28
50.00000075,43.19999999999999,1.4845428831800467e-28
52.00000077,43.20000000000001,8.169436071326397e-29
54.00000079999999,43.2,8.117894869508097e-29
56.00000083,43.19999999999998,3.5019124428249355e-29
58.00000086,43.199999999999996,-1.7856417425710451e-28
60.00000089,43.19999999999999,-6.734080675308312e-28
62.00000092,43.19999999999998,3.665054179153602e-26
64.00000095,43.19999999999999,-1.3380020988892153e-21
66.00000098,43.20000000066991,-2.2649946063209503e-14
68.00000101,43.20000000021393,1.101552724348739e-10
70.00000104,43.199999999960475,1.8264189228782133e-10
72.00000107,43.200000000001346,1.4292920416861273e-10
74.00000109999999,43.199999999999484,-1.4375269595887338e-11
76.00000113,43.19999999999999,7.932111889070166e-11
78.00000116,43.19999999999998,9.684047954977003e-11
80.00000119,43.19999999999999,8.902585202253877e-11
82.00000122,43.2,5.69825153842879e-11
84.00000125,43.200000000000024,1.5671283771766494e-11
86.00000128,43.20000000000001,-2.122236273772058e-11
88.00000131,43.2,-4.1723338548916467e-11
90.00000134,43.20000000000001,-3.8098177447260077e-11
92.00000137,43.19999999999999,9.454182439966901e-12
94.0000014,43.200000000000045,7.662764133293007e-12
96.00000143,43.200000000000024,1.9622865070912757e-12
98.00000146,43.199999999999996,1.9709775207369683e-12
100.0000015,43.20000000000002,5.426022644380027e-13
102.0000015,43.20000000000001,3.464025578985325e-13
104.0000015,43.2,-2.2473036894825133e-14
106.00000159999998,43.20000000000002,1.2964556691711982e-14
108.00000159999998,43.200000000000024,-1.6664989651036754e-14
110.00000159999998,43.2,-1.1821026733530568e-14
112.0000017,43.20000000000001,-1.1518785142838606e-14
114.0000017,43.20000000000001,-1.141687491341671e-14
116.0000017,43.20000000000002,-1.1378347111789967e-14
118.00000179999999,43.2,-1.139087964692552e-14
120.00000179999999,43.199999999999996,-1.1398312256143128e-14
122.00000179999999,43.199999999999996,-1.1398808980268712e-14
124.00000179999999,43.199999999999996,-1.13967049175309e-14
126.00000190000002,43.199999999999996,-1.1393735227254141e-14
128.0000019,43.199999999999996,-1.1390482333505741e-14
130.0000019,43.19999999999998,-1.138713712166374e-14
132.000002,43.2,-1.1383764313499908e-14
134.000002,43.200000000000024,-1.1380383525133896e-14
136.000002,43.20000000000057,-1.1377001589381482e-14
138.0000021,43.2000000000074,-1.1373620815143575e-14
140.0000021,43.20000000007617,-1.1370241960459114e-14
142.0000021,43.200000000637665,-1.1366865272563725e-14
144.0000021,43.2000000043602,-1.1363490833324449e-14
146.00000219999998,43.200000024962094,-1.1360118678839288e-14
148.00000219999998,43.20000012176085,-1.1356748867110615e-14
150.00000219999998,43.200000513681076,-1.135338159405229e-14
152.0000023,43.200001904162626,-1.1350017509252383e-14
154.0000023,43.20000630071885,-1.1346658531668912e-14
156.0000023,43.200018847169375,-1.1343309736178066e-14
158.0000024,43.20005138909691,-1.1339983197474962e-14
160.0000024,43.20012892702456,-1.1336705245594398e-14
162.0000024,43.200300549787315,-1.1333529089663541e-14
164.0000024,43.200655752393374,-1.1330554396996376e-14
166.0000025,43.20134773687263,-1.1327956271318391e-14
168.0000025,43.20262399447794,-1.132602477741452e-14
170.0000025,43.20486284483016,-1.1325214102321166e-14
172.0000026,43.208613545480915,-1.1326199326607747e-14
174.0000026,43.214638730106635,-1.132993986391615e-14
176.0000026,43.22395262335564,-1.133774211390262e-14
178.00000269999998,43.237843991052976,-1.1351307275949292e-14
180.00000269999998,43.25789259057721,-1.1372776308201258e-14
182.00000269999998,43.28596244670016,-1.1404750780079986e-14
184.00000269999998,43.324169114755264,-1.1450284944868878e-14
186.0000028,43.374828354339385,-1.1512860040705417e-14
188.0000028,43.44042945888323,-1.1596412593697533e-14
190.0000028,43.52345419461867,-1.1705135159076419e-14
192.0000029,43.626228633101974,-1.1843273476550956e-14
194.0000029,43.75104178753018,-1.201542730326757e-14
196.0000029,43.900015616892446,-1.2227091304638535e-14
198.000003,44.07478053733428,-1.248624614399175e-14
200.000003,44.276546439025836,-1.2796402345315571e-14
202.000003,44.50623274568929,-1.3147970624471802e-14
204.000003,44.764209630531994,-1.3551648328715767e-14
206.0000031,45.05038006530444,-1.4023198704214573e-14
208.0000031,45.36422138282678,-1.4560744911824575e-14
210.0000031,45.70471673376688,-1.5171857134318775e-14
212.00000319999995,46.07068581397703,-1.58515814431845e-14
214.00000319999995,46.46060527958712,-1.6608797500828522e-14
216.00000319999995,46.87266252797059,-1.7444182866559975e-14
218.00000319999995,47.30498994314818,-1.8362248315029507e-14
220.00000330000003,47.75566940562093,-1.9364791462072288e-14
222.00000330000003,48.22275537780777,-2.0454975621197855e-14
224.00000330000003,48.70434062053559,-2.1635584964399777e-14
226.0000034,49.19859976654285,-2.290800457550864e-14
228.0000034,49.70382045810156,-2.4273704706549788e-14
230.0000034,50.21842523655947,-2.5734439393272364e-14
232.00000350000002,50.74098458538964,-2.7294641897863266e-14
234.00000350000002,51.27022247146844,-2.895880091423829e-14
236.00000350000002,51.805015929287755,-3.072572487689745e-14
238.00000350000002,52.34438953415727,-3.2607423129380594e-14
240.00000359999999,52.887505570906576,-3.458111712442717e-14
242.00000359999999,53.433655550354864,-3.646319867500409e-14
244.00000359999999,53.982244566154094,-3.841039333231154e-14
246.0000037,54.53277865287819,-4.081693869854821e-14
248.0000037,55.0848519101692,-4.351641982525056e-14
250.0000037,55.63813412409725,-4.6172623838299167e-14
252.00000380000003,56.19235905973463,-4.8806484327078674e-14
254.00000380000003,56.747313867891485,-5.1576189959047906e-14
256.0000038,57.30282994944801,-5.4499607876036254e-14
258.0000038,57.85877476294181,-5.755620694460527e-14
260.00000389999997,58.41504497201529,-6.074822737079787e-14
262.00000389999997,58.97156043114607,-6.408130738678645e-14
264.00000389999997,59.52825985825983,-6.755625587830911e-14
266.000004,60.08509636356211,-7.117691919917396e-14
268.000004,60.642034345379514,-7.495484355778284e-14
270.000004,61.199047079215944,-7.889135366209887e-14
272.0000041,61.756114587857084,-8.298421061815064e-14
274.0000041,62.31322194885901,-8.722284641363182e-14
276.0000041,62.87035820840404,-9.159421363467174e-14
278.0000041,63.427515406402414,-9.618582785411271e-14
280.0000042,63.98468760533471,-1.0088400290317413e-13
282.0000042,64.54187028760221,-1.053137219755543e-13
284.0000042,65.09906051593542,-1.0988117692423244e-13
286.0000043,65.65625615221174,-1.1536751264296689e-13
288.0000043,66.21345558566843,-1.2177098653756476e-13
290.0000043,66.7706576460616,-1.2747022370191953e-13
292.00000439999997,67.327861559447,-1.3280266259532817e-13
294.00000439999997,67.8850667378782,-1.3908365042669722e-13
296.00000439999997,68.44227281164714,-1.455824956689259e-13
298.00000439999997,68.99947950290905,-1.5203399781024122e-13
300.0000045,69.55668664624721,-1.5868869196873822e-13
302.0000045,70.11389405215704,-1.654914620288647e-13
304.0000045,70.67110165610335,-1.7250180076643047e-13
306.0000046,71.22830942251889,-1.7975010726902889e-13
308.0000046,71.78551725227283,-1.8720083332551672e-13
310.0000046,72.342725143572,-1.9485452266573772e-13
312.0000046,72.89993307627056,-2.027127642882532e-13
314.0000047,73.45714106464301,-2.1075662091960793e-13
316.0000047,74.01434904389775,-2.1898516173616307e-13
318.0000047,74.57155703525672,-2.2747883516261997e-13
320.0000048,75.12876506262674,-2.3627228982533054e-13
322.0000048,75.68597306760344,-2.455067565091896e-13
324.0000048,76.24318107619997,-2.5499343797780603e-13
326.00000489999996,76.80038911504168,-2.6460054069527417e-13
328.00000489999996,77.35759712759236,-2.7288536767821274e-13
330.00000489999996,77.91480514117275,-2.813445287785904e-13
332.00000489999996,78.4720131554266,-2.9182420467857556e-13
334.000005,79.02922119798028,-3.0205420455175687e-13
336.000005,79.58642921295969,-3.124145028595468e-13
338.000005,80.14363722812494,-3.2296446972883504e-13
340.00000510000007,80.70084527127118,-3.3339199197457596e-13
342.00000510000007,81.25805328663498,-3.4446828634737346e-13
344.00000510000007,81.81526130204915,-3.5587183075427196e-13
346.0000052,82.37246934535617,-3.680955788529056e-13
348.0000052,82.92967736082362,-3.824378499503672e-13
350.0000052,83.48688537630457,-3.9769755278797677e-13
352.0000052,84.04409339179412,-4.0640082273369045e-13
354.00000530000005,84.60130143514958,-4.1308765654159113e-13
356.00000530000005,85.15850945064813,-4.2689387826301757e-13
358.00000530000005,85.7157174661489,-4.407298819378351e-13
360.00000539999996,86.2729255095115,-4.521838807313323e-13
362.00000539999996,86.83013352501463,-4.625493917373877e-13
364.00000539999996,87.3873415405184,-4.748715482313894e-13
366.00000550000004,87.94454958388289,-4.878032701423332e-13
368.00000550000004,88.50175759938722,-5.00577854581143e-13
370.00000550000004,89.05896561489168,-5.135959836936359e-13
372.00000550000004,89.61617363039623,-5.26746443253724e-13
374.0000056,90.17338167376123,-5.400234839223085e-13
376.0000056,90.73058968926588,-5.534287727030765e-13
378.0000056,91.28779770477057,-5.669708763924708e-13
380.00000570000003,91.84500574813569,-5.808936364920355e-13
382.00000570000003,92.40221376364043,-5.966956576725969e-13
384.00000570000003,92.95942177914506,-6.159863360749598e-13
386.0000058,93.51662982251014,-6.472446561738804e-13
388.0000058,94.07383783801492,-7.063755603335413e-13
390.0000058,94.63104585351957,-7.864754504980546e-13
392.0000058,95.18825386902432,-8.014065099870424e-13
394.00000589999996,95.74546191238942,-6.909164877855424e-13
396.00000589999996,96.3026699278942,-5.791744564881846e-13
398.00000589999996,96.85987794339889,-5.360540557025087e-13
400.000006,97.41708598676395,-5.859363465844356e-13
402.000006,97.97429400226868,-8.275885663674633e-13
404.000006,98.53150201777339,-9.085266887880972e-13
406.000006,99.088710033278,-6.901249136076818e-13
408.0000061,99.64591807664327,-6.583364935615193e-13
410.0000061,100.20312609214795,-7.836057162334908e-13
412.0000061,100.76033410765267,-8.364165029075377e-13
414.0000062,101.31754215101778,-8.314638236330181e-13
416.0000062,101.87475016652249,-8.067354705807982e-13
418.0000062,102.4319581820272,-8.650956840491201e-13
420.0000063,102.98916622539231,-8.843847394335297e-13
422.0000063,103.54637424089704,-9.099716962804073e-13
424.0000063,104.10358225640171,-9.280869892448555e-13
426.0000063,104.66079027190646,-8.978311156301106e-13
428.0000063999999,105.21799831527159,-8.621188834605811e-13
430.0000063999999,105.7752063307763,-9.269604097693049e-13
432.0000063999999,106.33241434628104,-9.999374942207187e-13
434.00000650000004,106.8896223896461,-9.910912735244214e-13
436.00000650000004,107.44683040515089,-9.301039231872839e-13
438.00000650000004,108.00403842065559,-9.420527020723156e-13
440.00000660000006,108.56124646402073,-1.0218534061465007e-12
442.00000660000006,109.11845447952544,-1.0433316514002933e-12
444.00000660000006,109.67566249503018,-1.0557938415084844e-12
446.00000660000006,110.23287051053488,-1.0895347070336213e-12
448.0000067,110.79007855389995,-1.1241562141991598e-12
450.0000067,111.3472865694047,-1.1464246909398598e-12
452.0000067,111.9044945849094,-1.1862464564960368e-12
454.0000068,112.46170262827454,-1.2636313634805498e-12
456.0000068,113.01891064377925,-1.2662981804642856e-12
458.0000068,113.57611865928398,-1.2099355864108054e-12
460.0000069,114.13332670264907,-1.2483905023809059e-12
462.0000069,114.69053471815377,-1.2775453725180832e-12
464.0000069,115.24774273365851,-1.294458151883968e-12
466.0000069,115.80495074916318,-1.3168791431551958e-12
468.00000700000004,116.36215879252835,-1.3379052476276308e-12
470.00000700000004,116.91936680803303,-1.359965675982175e-12
472.00000700000004,117.47657482353775,-1.382233215933667e-12
474.00000710000006,118.03378286690292,-1.40512041908167e-12
476.00000710000006,118.59099088240764,-1.4282951246938423e-12
478.00000710000006,119.14819889791232,-1.4512826657282282e-12
480.00000719999997,119.70540694127746,-1.4744480567048136e-12
482.00000719999997,120.26261495678217,-1.4980455345451666e-12
484.00000719999997,120.81982297228687,-1.5219473627244308e-12
486.00000719999997,121.37703098779157,-1.5461512152420738e-12
488.0000073,121.9342390311567,-1.5709970775528011e-12
490.0000073,122.4914470466614,-1.5965930390530038e-12
492.0000073,123.04865506216613,-1.6219847163842144e-12
494.0000074,123.60586310553131,-1.6465162035598012e-12
496.0000074,124.16307112103601,-1.6707760553580752e-12
498.0000074,124.72027913654071,-1.6952003268869095e-12
500.00000750000004,125.27748717990588,-1.72038169011342e-12
502.00000750000004,125.83469519541057,-1.7468432037018278e-12
504.00000750000004,126.39190321091526,-1.77393924604327e-12
506.00000750000004,126.94911122641999,-1.801100896212627e-12
508.00000760000006,127.50631926978511,-1.8282871313364047e-12
510.00000760000006,128.06352728528978,-1.8554666466387464e-12
512.0000076,128.6207353007945,-1.8827365203490604e-12
514.0000077,129.17794334415964,-1.910216874472436e-12
516.0000077,129.73515135966437,-1.9377862315511822e-12
518.0000077,130.29235937516907,-1.96519210051927e-12
520.0000077,130.84956739067383,-1.9928928558228107e-12
522.0000077999999,131.40677543403896,-2.0218989217005036e-12
524.0000077999999,131.9639834495436,-2.0517576191168503e-12
526.0000077999999,132.52119146504833,-2.0810797969424966e-12
528.0000079,133.0783995084135,-2.109746063243203e-12
530.0000079,133.63560752391817,-2.1388350723921582e-12
532.0000079,134.19281553942284,-2.1683727262127812e-12
534.000008,134.750023582788,-2.1971622034418876e-12
536.000008,135.30723159829276,-2.2254237934463e-12
538.000008,135.86443961379751,-2.2547535115202125e-12
540.000008,136.4216476293023,-2.2849637867823927e-12
542.0000081000001,136.9788556726675,-2.314914019349378e-12
544.0000081000001,137.53606368817225,-2.3448267679518157e-12
546.0000081000001,138.09327170367706,-2.375006772405403e-12
548.0000082,138.65047974704223,-2.4052086246415998e-12
550.0000082,139.207687762547,-2.435332184410128e-12
552.0000082,139.76489577805174,-2.4654379893557745e-12
554.0000083,140.32210382141687,-2.495539029865655e-12
556.0000083,140.8793118369217,-2.5256325590457877e-12
558.0000083,141.43651985242647,-2.5556997978631824e-12
560.0000083,141.9937278679312,-2.58564970176706e-12
562.0000084,142.5509359112964,-2.6154673576557816e-12
564.0000084,143.10814392680112,-2.645269910811136e-12
566.0000084,143.66535194230588,-2.6749615219312785e-12
568.0000085,144.22255998567107,-2.704451389550296e-12
570.0000085,144.77976800117577,-2.7337736866703727e-12
572.0000085,145.33697601668055,-2.762910189948971e-12
574.0000086,145.89418406004572,-2.7918167799625435e-12
576.0000086,146.45139207555053,-2.8203098904381856e-12
578.0000086,147.00860009105526,-2.848429574603285e-12
580.0000086,147.56580810656007,-2.8765338356179164e-12
582.0000087000001,148.12301614992526,-2.9042296019124874e-12
584.0000087000001,148.68022416543005,-2.9311695457885517e-12
586.0000087000001,149.23743218093477,-2.9578932849760966e-12
588.0000087999999,149.79464022429988,-2.9843729037850292e-12
590.0000087999999,150.35184823980467,-3.010327485757341e-12
592.0000087999999,150.90905625530948,-3.0356590719038124e-12
594.0000089,151.4662642986746,-3.0602967969556033e-12
596.0000089,152.02347231417937,-3.0841560395640242e-12
598.0000089,152.5806803296841,-3.107295881931755e-12
600.0000089,153.13788834518888,-3.1300315065411094e-12
602.000009,153.69509638855413,-3.1520235431361104e-12
604.000009,154.2523044040589,-3.172655946231599e-12
606.000009,154.80951241956362,-3.1924920209824773e-12
608.0000091,155.36672046292878,-3.2122652809459387e-12
610.0000091,155.9239284784336,-3.231140568581665e-12
612.0000091,156.48113649393832,-3.248713612785189e-12
614.0000091,157.03834450944302,-3.2652063009014975e-12
616.0000092,157.5955525528081,-3.2805264115749757e-12
618.0000092,158.15276056831286,-3.294430757947792e-12
620.0000092,158.7099685838175,-3.307129305271471e-12
622.0000093,159.2671766271826,-3.319172921734155e-12
624.0000093,159.82438464268733,-3.330054192328897e-12
626.0000093,160.381592658192,-3.3393533257576468e-12
628.0000094,160.93880070155714,-3.3471822532379936e-12
630.0000094,161.49600871706187,-3.3535660266926126e-12
632.0000094,162.0532167325665,-3.3584412280684942e-12
634.0000094,162.61042474807118,-3.361723628586826e-12
636.0000094999999,163.1676327914363,-3.3634405814760297e-12
638.0000094999999,163.72484080694096,-3.363593730504352e-12
640.0000094999999,164.2820488224457,-3.362123449752272e-12
642.0000096,164.83925686581082,-3.3589239747150418e-12
644.0000096,165.39646488131547,-3.3538922975830228e-12
646.0000096,165.95367289682014,-3.347017736834795e-12
648.0000097,166.51088094018527,-3.338250379349631e-12
650.0000097,167.06808895568992,-3.327584676037626e-12
652.0000097,167.62529697119462,-3.314986378593793e-12
654.0000097,168.18250498669929,-3.300447015249121e-12
656.0000097999999,168.73971303006442,-3.2841917777792673e-12
658.0000097999999,169.2969210455691,-3.2660918321493137e-12
660.0000097999999,169.8541290610737,-3.2452151786530297e-12
662.0000098999999,170.4113371044389,-3.2258503705050107e-12
664.0000098999999,170.96854511994368,-3.229298032124072e-12
666.0000098999999,171.52575313544835,-3.3003599788068082e-12
668.00001,172.08296117881346,-3.5017045754497776e-12
670.00001,172.6401691943182,-3.724077192169797e-12
672.00001,173.1973772098229,-3.601669099939559e-12
674.00001,173.7545852253276,-3.012048815402231e-12
676.0000100999999,174.31179326869272,-2.7377281563080257e-12
678.0000100999999,174.86900128419742,-3.259931846122658e-12
680.0000100999999,175.42620929970218,-3.683886847637612e-12
682.0000102000001,175.98341734306734,-3.350174639886459e-12
684.0000102000001,176.54062535857202,-3.4153368982872003e-12
686.0000102000001,177.09783337407663,-4.076611601101654e-12
688.0000102999999,177.65504141744177,-4.2525997571157e-12
690.0000102999999,178.2122494329465,-3.7223694702358005e-12
692.0000102999999,178.7694574484512,-3.608305920790849e-12
694.0000102999999,179.3266654639559,-3.6259256700143086e-12
696.0000104,179.88387350732097,-2.9498441540319504e-12
698.0000104,180.44108152282575,-2.4448801771159103e-12
700.0000104,180.9982895383305,-2.566468955507325e-12
702.0000105,181.55549758169562,-2.709289476237988e-12
704.0000105,182.1127055972004,-2.6392500326273207e-12
706.0000105,182.669913612705,-2.568307505646207e-12
708.0000106000001,183.2271216560702,-2.466060587606643e-12
710.0000106000001,183.78432967157488,-2.383000660472473e-12
712.0000106000001,184.34153768707964,-2.3222536693959586e-12
714.0000106000001,184.89874570258436,-2.316853791636431e-12
716.0000107000001,185.45595374594947,-2.2866857043390165e-12
718.0000107000001,186.0131617614542,-2.130408287671509e-12
720.0000107000001,186.5703697769588,-2.0041800624223606e-12
722.0000107999999,187.12757782032392,-1.9740293997720603e-12
724.0000107999999,187.68478583582876,-1.9218223099272317e-12
726.0000107999999,188.2419938513335,-1.82610826729041e-12
728.0000107999999,188.7992018668382,-1.7843463870642657e-12
730.0000109,189.35640991020333,-1.7850836525631225e-12
732.0000109,189.91361792570817,-1.684722845902338e-12
734.0000109,190.47082594121284,-1.35976600758885e-12
736.0000110000001,191.0280339845781,-8.365462732195765e-13
738.0000110000001,191.58524200008276,-2.7928924012426107e-13
740.0000110000001,192.14245001558757,2.9254863715047956e-13
742.0000111,192.69965805895276,1.0387594001673265e-12
744.0000111,193.25686607445752,1.9787119689707666e-12
746.0000111,193.81407408996225,3.143236653337496e-12
748.0000111,194.37128210546706,4.69546931945226e-12
750.0000112,194.9284901488322,6.76480626963285e-12
752.0000112,195.48569816433698,9.631710961463848e-12
754.0000112,196.04290617984174,1.3680352350547123e-11
756.0000113,196.60011422320684,1.9336505774972698e-11
758.0000113,197.15732223871154,2.7301490019523233e-11
760.0000113,197.71453025421627,3.819398905659615e-11
762.0000114000001,198.27173829758158,5.300428555421415e-11
764.0000114000001,198.82894631308633,7.342851500340297e-11
766.0000114000001,199.386154328591,1.0145796412296644e-10
768.0000114000001,199.9433623440958,1.395182472645917e-10
770.0000115,200.50057038746093,1.906149872684124e-10
772.0000115,201.05777840296568,2.5927767620116147e-10
774.0000115,201.61498641847044,3.522473805152724e-10
776.0000116,202.1721944618356,4.777022665058769e-10
778.0000116,202.7294024773404,6.450955021881492e-10
780.0000116,203.28661049284514,8.669331398817818e-10
782.0000117000001,203.84381853621028,1.159495585464036e-09
784.0000117000001,204.401026551715,1.544232808849e-09
786.0000117000001,204.9582345672197,2.0497473276507667e-09
788.0000117000001,205.51544258272443,2.711837231031075e-09
790.0000117999999,206.07265062608948,3.5742700359633496e-09
792.0000117999999,206.6298586415943,4.694465769892212e-09
794.0000117999999,207.18706665709902,6.151930387491771e-09
796.0000119,207.7442747004641,8.03115025946929e-09
798.0000119,208.30148271596886,1.0448626137455267e-08
800.0000119,208.85869073147356,1.3548369384597581e-08
802.000012,209.41589877483867,1.7507718497285592e-08
804.000012,209.97310679034342,2.25465624793155e-08
806.000012,210.53031480584815,2.8937097961391895e-08
808.000012,211.08752282135282,3.70147499117262e-08
810.0000121,211.64473086471796,4.7193045287184915e-08
812.0000121,212.20193888022266,5.997671056791471e-08
814.0000121,212.7591468957274,7.597720383705798e-08
816.0000122,213.31635493909255,9.593852260658221e-08
818.0000122,213.87356295459725,1.2076364850907882e-07
820.0000122,214.4307709701019,1.515431800369151e-07
822.0000122,214.9879789856066,1.8957911943277644e-07
824.0000123,215.54518702897172,2.3643391856427774e-07
826.0000123,216.1023950444764,2.9397338550926064e-07
828.0000123,216.6596030599811,3.6441967035669886e-07
830.0000124,217.2168111033462,4.5040896029410197e-07
832.0000124,217.77401911885087,5.550551015286059e-07
834.0000124,218.33122713435557,6.820257194083446e-07
836.0000125,218.8884351777207,8.356320756804165e-07
838.0000125,219.4456431932254,1.0209254008890914e-06
840.0000125,220.0028512087301,1.2438033998025311e-06
842.0000125,220.5600592242348,1.5111341034306667e-06
844.0000126,221.11726726759986,1.830890500680833e-06
846.0000126,221.67447528310458,2.2123224159504604e-06
848.0000126,222.2316832986093,2.666085079839111e-06
850.0000127000001,222.78889134197445,3.204420637990655e-06
852.0000127000001,223.34609935747912,3.841400186731196e-06
854.0000127000001,223.90330737298385,4.5931273149806176e-06
856.0000127999998,224.46051541634884,5.4779849916932535e-06
858.0000127999998,225.0177234318536,6.516903952202658e-06
860.0000127999998,225.57493144735835,7.733651193847108e-06
862.0000127999998,226.13213946286308,9.155142669539536e-06
864.0000129000001,226.68934750622827,1.0811330291882058e-05
866.0000129000001,227.246555521733,1.273421070143529e-05
868.0000129000001,227.80376353723767,1.4964069604970555e-05
870.0000130000001,228.36097158060272,1.7547628926720632e-05
872.0000130000001,228.91817959610742,2.0530070134419134e-05
874.0000130000001,229.47538761161218,2.396518914196028e-05
876.0000131,230.03259565497729,2.791171709974783e-05
878.0000131,230.58980367048187,3.243452325109623e-05
880.0000131,231.14701168598666,3.760534855009724e-05
882.0000131,231.70421970149138,4.350342882117247e-05
884.0000132000001,232.2614277448566,5.021577274986202e-05
886.0000132000001,232.8186357603613,5.782905288664323e-05
888.0000132000001,233.37584377586595,6.645553524323863e-05
890.0000133,233.9330518192311,7.621593555655116e-05
892.0000133,234.49025983473587,8.722985522970174e-05
894.0000133,235.04746785024054,9.963191171919342e-05
896.0000134,235.60467589360564,0.00011356756366043471
898.0000134,236.1618839091104,0.00012919355670365292
900.0000134,236.71909192461504,0.00014667943228395699
902.0000134,237.27629994011969,0.00016620920184466732
904.0000135,237.83350798348494,0.0001879774770140508
906.0000135,238.39071599898966,0.00021220086532663091
908.0000135,238.94792401449433,0.00023908941836584135
910.0000136,239.5051320578595,0.00026888812420086216
912.0000136,240.06234007336423,0.00030184864691299666
914.0000136,240.61954808886895,0.0003382378682430968
916.0000136,241.17675610437365,0.0003783374844023536
918.0000137,241.7339641477388,0.0004224440403909418
920.0000137,242.2911721632435,0.000470868846008156
922.0000137,242.84838017874824,0.0005239378075182739
924.0000138,243.40558822211338,0.000581991135606869
926.0000138,243.96279623761814,0.0006453829246190881
928.0000138,244.52000425312283,0.0007144817203845145
930.0000139,245.077212296488,0.0007896673723186624
932.0000139,245.6344203119927,0.0008713313127123102
934.0000139,246.19162832749743,0.0009598763185184073
936.0000139,246.7488363430021,0.001055714845618612
938.0000140000001,247.30604438636723,0.0011592677203065133
940.0000140000001,247.86325240187196,0.0012709626250818403
942.0000140000001,248.4204604173767,0.001391226207275644
944.0000141,248.97766846074177,0.0015204722368403645
946.0000141,249.53487647624652,0.0016591706875033446
948.0000141,250.0920844917513,0.0018077786073682498
950.0000142000001,250.64929253511642,0.001966714581230295
952.0000142000001,251.20650055062112,0.0021364032414792167
954.0000142000001,251.76370856612587,0.00231726425375033
956.0000142000001,252.32091658163057,0.0025097026126567426
958.0000143,252.8781246249956,0.002714103101178648
960.0000143,253.43533264050035,0.002930832353326378
962.0000143,253.99254065600508,0.003160266703517955
964.0000143999999,254.54974869937016,0.0034027136574684225
966.0000143999999,255.10695671487485,0.003658488597336588
968.0000143999999,255.66416473037947,0.00392786778946981
970.0000144999999,256.22137277374475,0.004211092303957716
972.0000144999999,256.7785807892492,0.004508369983501772
974.0000144999999,257.33578880475403,0.004819852070185201
976.0000144999999,257.8929968202587,0.005145639520422567
978.0000146,258.4502048636237,0.005485786640736307
980.0000146,259.0074128791285,0.005840296506521477
982.0000146,259.56462089463304,0.006209118148855521
984.0000147,260.1218289379982,0.006592143203454634
986.0000147,260.6790369535029,0.006989202865051267
988.0000147,261.2362449690076,0.007400063075833542
990.0000148,261.79345301237265,0.007824419142013093
992.0000148,262.35066102787727,0.008261895232501718
994.0000148,262.907869043382,0.008712049341795631
996.0000148,263.4650770588867,0.009174363914598464
998.0000149,264.02228510225166,0.009648239820015076
1000.0000150000001,264.5794931456169,0.010133015955226372
1002.0000150000001,265.1367011611215,0.01062795267365293
1004.0000150000001,265.69390917662616,0.011132224127092492
1006.0000150000001,266.2511171921309,0.01164491888795466
1008.0000150000001,266.80832520763556,0.012165131398776865
1010.0000150000001,267.36553322314023,0.012691792472175866
1012.0000150000001,267.922741238645,0.013223800754441292
1014.0000150000001,268.4799492541497,0.013759996969107903
1016.0000150000001,269.03715726965436,0.014299150549779994
1018.0000150000001,269.594365285159,0.01483996328268694
1020.0000150000001,270.1515733006636,0.015381106691843775
1022.0000150000001,270.70878131616826,0.015921195472770638
1024.000015,271.26598933167304,0.016458778496441406
1026.000015,271.8231973471777,0.016992400768220547
1028.000015,272.38040536268244,0.01752056799784216
1030.000015,272.9376133781873,0.018041744583486716
1032.000015,273.49482139369206,0.01855439212252503
1034.000015,274.0520294091968,0.019056970578643497
1036.000015,274.6092374247016,0.019547925169683008
1038.000015,275.16644544020636,0.02002570064639954
1040.000015,275.7236534557111,0.020488781339646593
1042.000016,276.28086174981985,0.0209356609740855
1044.000016,276.8380697653245,0.021364877879817435
1046.000016,277.39527778082936,0.021774939505804166
1048.000016,277.95248579633414,0.022164493282273916
1050.000016,278.509693811839,0.02253218911463181
1052.000016,279.06690182734377,0.022876761174041492
1054.000016,279.6241098428488,0.023197012505339797
1056.000016,280.18131785835334,0.02349181462784848
1058.000016,280.7385258738578,0.0237601302125341
1060.000016,281.29573388936166,0.02400100759082014
1062.000016,281.85294190486525,0.024213594463857846
1064.000016,282.4101499203696,0.024397029696012686
1066.000016,282.967357935877,0.0245502947356231
1068.000016,283.5245659513879,0.024671606579167553
1070.000016,284.0817739668998,0.02475931580072903
1072.000016,284.6389819824029,0.024821137774664104
1074.000016,285.1961899979006,0.024854612225658795
1076.000016,285.7533980133984,0.024857331850227198
1078.000016,286.31060602889914,0.024825704452182764
1080.000016,286.86781404440285,0.024760089192389846
1082.000016,287.4250220599083,0.02466388443611581
1084.000016,287.98223007541446,0.024537817985546252
1086.000016,288.5394380909207,0.024381873557409346
1088.000016,289.0966461064255,0.024196504295214426
1090.000016,289.6538541219219,0.02398238541255954
1092.000016,290.2110621374049,0.023740289295477033
1094.000016,290.7682701528992,0.02347107083969418
1096.000016,291.3254781684302,0.023175695819517717
1098.000016,291.88268618395915,0.02285523228904359
1100.000016,292.43989419945035,0.022510817977095154
1102.000016,292.9971022149507,0.02214367459703884
1104.000016,293.5543102304854,0.021755088709202765
1106.000016,294.1115182460268,0.021346389142781558
1108.000017,294.66872654016424,0.02091896433014788
1110.000017,295.2259345556589,0.02047426221707189
1112.000017,295.78314257108315,0.020013732401494216
1114.000017,296.34035058648766,0.0195388646236206
1116.000017,296.89755860196,0.019051186786963388
1118.000017,297.4547666175121,0.01855220975376367
1120.000017,298.0119746330928,0.01804345235595061
1122.000017,298.5691826486438,0.017526447200597862
1124.000017,299.12639066415665,0.017002703341829323
1126.000017,299.6835986796757,0.0164737031806467
1128.000017,300.2408066952081,0.01594091343669207
1130.000017,300.7980147107091,0.015405751702143604
1132.000017,301.35522272619437,0.01486966624091369
1134.000017,301.9124307416947,0.01433397578828064
1136.000017,302.46963875718143,0.013800004331595048
1138.000017,303.0268467726485,0.013268991331560004
1140.000017,303.58405478814984,0.012741967788735957
1142.000017,304.14126280366594,0.012219919842493368
1144.000017,304.6984708191739,0.011705124368298762
1146.000017,305.2556788346234,0.01119753430527829
1148.000017,305.81288685018035,0.010698586434162239
1150.000017,306.3700948657237,0.010208129426792882
1152.000017,306.9273028812149,0.009727628349718
1154.000017,307.48451089668816,0.009257829742092495
1156.000017,308.04171891213764,0.008799384338253115
1158.000017,308.59892692763157,0.008352881910826468
1160.000017,309.1561349432023,0.007918840247522593
1162.000017,309.71334295875005,0.007497753292999059
1164.000017,310.2705509742416,0.007089853311047788
1166.000017,310.82775898967265,0.00669548289889195
1168.000017,311.38496700514145,0.0063148504554108
1170.000017,311.94217502068574,0.005948122452945619
1172.000017,312.4993830362562,0.005595407606588067
1174.000017,313.05659105179444,0.005256751841058693
1176.000018,313.61379934588956,0.004932154860200534
1178.000018,314.1710073613577,0.004621567409612258
1180.000018,314.7282153768353,0.0043248870428692545
1182.000018,315.2854233923374,0.004041965516634512
1184.000018,315.8426314078555,0.0037726190181123415
1186.000018,316.3998394233719,0.0035166080321080433
1188.000018,316.95704743887944,0.0032737045381046317
1190.000018,317.5142554543858,0.003043585198825989
1192.000018,318.07146346989043,0.002825937574443782
1194.000018,318.62867148538623,0.0026204207834186113
1196.000018,319.18587950087374,0.0024266688336962916
1198.000018,319.74308751636636,0.0022442929061807634
1200.000018,320.3002955318751,0.0020729078815800456
1202.000018,320.85750354739787,0.0019121036349827557
1204.000018,321.4147115629204,0.0017614548242860602
1206.000018,321.9719195784333,0.0016205458134714423
1208.000018,322.52912759393803,0.0014889551420362184
1210.000018,323.08633560943923,0.001366253412884469
1212.000018,323.64354362493657,0.0012520115854806036
1214.000018,324.20075164042595,0.0011458195097454583
1216.000018,324.75795965591226,0.0010472596487492306
1218.000018,325.31516767141477,0.0009559147934554664
1220.000018,325.8723756869418,0.0008713928840104014
1222.000018,326.4295837024778,0.0007933043450702571
1224.000018,326.9867917179962,0.0007212641718243751
1226.000018,327.5439997334864,0.0006549017929789843
1228.000018,328.10120774896734,0.000593868220445207
1230.000018,328.658415764465,0.0005378181159545786
1232.000018,329.2156237799765,0.0004864180748240362
1234.000018,329.7728317954858,0.00043940535838290015
1236.000018,330.3300398109683,0.0003963015283139039
1238.000018,330.8872478264416,0.00035737996367972376
1240.000018,331.44445584198985,0.0003215365089404265
1242.0000189999998,332.00166413612726,0.00028854563437372426
1244.0000189999998,332.558872151587,0.0002585130540837022
1246.0000189999998,333.1160801670977,0.00023181328882994272
1248.0000189999998,333.67328818264457,0.00020746764589460708
1250.0000189999998,334.230496198166,0.00018545655916039477
1252.0000189999998,334.78770421367574,0.0001655665438120756
1254.0000189999998,335.34491222916074,0.00014767778125663532
1256.0000189999998,335.9021202446571,0.0001313268245001592
1258.0000189999998,336.45932826015,0.00011660606672628482
1260.0000189999998,337.0165362756147,0.00010367346576853074
1262.0000189999998,337.5737442911233,9.161362598862249e-05
1264.0000189999998,338.13095230663635,8.120964030030881e-05
1266.0000189999998,338.6881603221447,7.177554644408021e-05
1268.0000189999998,339.2453683376642,6.336929502302955e-05
1270.0000189999998,339.8025763531781,5.587919082658779e-05
1272.0000189999998,340.3597843686821,4.919849440754143e-05
1274.0000189999998,340.9169923841882,4.3261919697579525e-05
1276.0000189999998,341.47420039968983,3.7989450742881196e-05
1278.0000189999998,342.03140841519615,3.331652825746748e-05
1280.0000189999998,342.588616430706,2.8916901741100114e-05
1282.0000189999998,343.1458244462078,2.56695862259841e-05
1284.0000189999998,343.70303246170454,2.2711101738783542e-05
1286.0000189999998,344.2602404771941,1.98001645372408e-05
1288.0000189999998,344.81744849267903,1.6881884313982203e-05
1290.0000189999998,345.37465650818206,1.4231389487951177e-05
1292.0000189999998,345.9318645237522,1.2576651435785841e-05
1294.0000189999998,346.48907253932236,1.0921913383620504e-05
1296.0000189999998,347.0462805546487,9.11375155649456e-06
1298.0000189999998,347.6034885699396,7.283322850583631e-06
1300.0000189999998,348.160696585243,5.7109885788634475e-06
1302.0000189999998,348.7179046005694,4.6212047555890965e-06
1304.0000189999998,349.27511261591184,3.867478114460935e-06
1306.0000189999998,349.83232063127036,3.4498086554789626e-06
1308.0000189999998,350.38952864664503,3.3681963786431796e-06
1310.00002,350.946736940704,3.0850056389628368e-06
1312.00002,351.5039449562108,2.837883872695124e-06
1314.00002,352.06115297176075,2.7001844177019846e-06
1316.00002,352.6183609873539,2.6719072739834194e-06
1318.00002,353.1755690029315,2.6834100628955157e-06
1320.00002,353.7327770182055,2.3928347854440325e-06
1322.00002,354.2899850333884,2.0522878523139733e-06
1324.00002,354.8471930484801,1.6617692635053383e-06
1326.00002,355.4044010634807,1.221279019018127e-06
1328.00002,355.96160907856085,1.4859439599064713e-06
1330.00002,356.51881709381746,2.8839208492613624e-06
1332.00002,357.0760251091141,4.81207434603455e-06
1334.00002,357.6332331244507,7.270404450226035e-06
1336.00002,358.1904411398274,1.0258911161835817e-05
1338.00002,358.7476491561964,8.658236785000074e-06
1340.00002,359.3048571727706,6.01961441942123e-06
1342.00002,359.8620651893448,3.3809920538423863e-06
1344.00002,360.41927320591896,7.423696882635416e-07
1346.00002,360.97648122228935,-1.4549896264948626e-06
1348.00002,361.5336892374855,-1.1096002391905592e-06
1350.00002,362.0908972526816,-7.642108518862556e-07
1352.00002,362.64810526787767,-4.1882146458195203e-07
1354.00002,363.2053132830738,-7.343207727764854e-08
1356.00002,363.762521298442,1.2976753159529112e-07
1358.00002,364.3197293140039,1.729681303581002e-07
1360.00002,364.87693732956575,2.1616872912090935e-07
1362.00002,365.43414534512766,2.5936932788371844e-07
1364.00002,365.9913533606896,3.025699266465276e-07
1366.00002,366.5485613762515,3.4577052540933667e-07
1368.00002,367.1057693918134,3.8897112417214576e-07
1370.00002,367.66297740737525,4.321717229349549e-07
1372.00002,368.22018542293716,4.75372321697764e-07
1374.00002,368.77739343848793,5.092381390237548e-07
1376.000021,369.3346017325579,4.718603680378842e-07
1378.000021,369.8918097480239,4.3448261574089174e-07
1380.000021,370.44901776348985,3.971048634438992e-07
1382.000021,371.0062257789558,3.5972711114690676e-07
1384.000021,371.56343379442177,3.223493588499143e-07
1386.000021,372.12064180988773,2.8497160655292177e-07
1388.000021,372.6778498253537,2.475938542559293e-07
1390.000021,373.23505784081965,2.1021610195893688e-07
1392.000021,373.7922658562856,1.728383496619444e-07
1394.000021,374.34947387175157,1.3546059736495195e-07
1396.000021,374.90668188721753,9.808284506795945e-08
1398.000021,375.4638899026835,6.070509277096696e-08
1400.000021,376.02109791814945,2.332734047397454e-08
1402.000021,376.5783059336154,-1.4050411823017954e-08
1404.000021,377.1355139490813,-5.142816412001042e-08
1406.000021,377.6927219645473,-8.880591641700289e-08
1408.000021,378.24992998001323,-1.2618366871399536e-07
1410.000021,378.8071379954792,-1.6356142101098783e-07
1412.000021,379.36434601095857,-1.8376427532067981e-07
1414.000021,379.9215540264575,-1.788889044276857e-07
1416.000021,380.47876204195643,-1.7401353353469162e-07
1418.000021,381.03597005745536,-1.6913816264169752e-07
1420.000021,381.5931780729543,-1.6426279174870344e-07
1422.000021,382.1503860884532,-1.5938742085570936e-07
1424.000021,382.70759410395215,-1.5451204996271525e-07
1426.000021,383.2648021194511,-1.4963667906972114e-07
1428.000021,383.82201013495,-1.4476130817672706e-07
1430.000021,384.37921815044893,-1.3988593728373298e-07
1432.000021,384.93642616594786,-1.3501056639073887e-07
1434.000021,385.4936341814468,-1.301351954977448e-07
1436.000021,386.0508421969457,-1.2525982460475068e-07
1438.000021,386.60805021244465,-1.2038445371175657e-07
1440.000021,387.1652582279436,-1.155090828187625e-07
1442.000021,387.7224662434425,-1.1063371192576841e-07
1444.0000220000002,388.27967453754553,-1.0575833859508859e-07
1446.0000220000002,388.83688255304446,-1.0088296770209451e-07
1448.0000220000002,389.3940905685434,-9.600759680910042e-08
1450.0000220000002,389.9512985840423,-9.113222591610633e-08
1452.0000220000002,390.50850659954125,-8.625685502311223e-08
1454.0000220000002,391.0657146150402,-8.138148413011815e-08
1456.0000220000002,391.6229226305391,-7.650611323712404e-08
1458.0000220000002,392.18013064603804,-7.163074234412996e-08
1460.0000220000002,392.73733866153697,-6.675537145113586e-08
1462.0000220000002,393.2945466770359,-6.188000055814177e-08
1464.0000220000002,393.8517546925348,-5.7004629665147674e-08
1466.0000220000002,394.40896270803376,-5.2129258772153586e-08
1468.0000220000002,394.9661707235327,-4.725388787915949e-08
1470.0000220000002,395.5233787390316,-4.23785169861654e-08
1472.0000220000002,396.08058675453054,-3.7503146093171303e-08
1474.0000220000002,396.6377947700295,-3.2627775200177216e-08
1476.0000220000002,397.1950027855284,-2.7752404307183118e-08
1478.0000220000002,397.75221080102733,-2.2877033414189024e-08
1480.0000220000002,398.30941881652626,-1.8001662521194933e-08
1482.0000220000002,398.8666268320252,-1.312629162820084e-08
1484.0000220000002,399.4238348475241,-8.250920735206748e-09
1486.0000220000002,399.98104286302305,-3.3755498422126545e-09
1488.0000220000002,400.53825087853704,-2.8118694117286273e-09
1490.0000220000002,401.0954588940513,-2.301731995459338e-09
1492.0000220000002,401.65266690956554,-1.7915945791900485e-09
1494.0000220000002,402.2098749250798,-1.281457162920759e-09
1496.0000220000002,402.76708294059404,-7.713197466514762e-10
1498.0000220000002,403.3242909561083,-2.6118233038218677e-10
1500.0000220000002,403.88149897162253,2.4895508588710267e-10
1502.0000220000002,404.4387069871368,7.590925021563921e-10
1504.0000220000002,404.99591500265103,1.2692299184256816e-09
1506.0000220000002,405.5531230181653,1.779367334694971e-09
1508.0000220000002,406.1103310336796,2.2895047509642604e-09
1510.000023,406.6675393277978,2.7996424223022224e-09
1512.000023,407.22474734331206,3.309779838571512e-09
1514.000023,407.7819553588263,3.819917254840801e-09
1516.000023,408.33916337434056,4.330054671110091e-09
1518.000023,408.8963713898548,4.8401920873793735e-09
1520.000023,409.45357940536906,5.350329503648666e-09
1522.000023,410.0107874208833,5.860466919917956e-09
1524.000023,410.56799543639755,6.370604336187245e-09
1526.000023,411.1252034519118,6.880741752456535e-09
1528.000023,411.68241146742605,7.3908791687258174e-09
1530.000023,412.23961948294027,7.901016584995107e-09
1532.000023,412.79682749845455,8.411154001264396e-09
1534.000023,413.3540355139688,8.921291417533686e-09
1536.000023,413.91124352948304,9.431428833802975e-09
1538.000023,414.4684515449973,9.941566250072265e-09
1540.000023,415.02565956051154,1.0451703666341547e-08
1542.000023,415.5828675760258,1.0961841082610837e-08
1544.000023,416.14007559154004,1.1471978498880126e-08
1546.000023,416.6972836070543,1.1982115915149416e-08
1548.000023,417.25449162256854,1.2492253331418705e-08
1550.000023,417.8116996380828,1.3002390747687995e-08
1552.000023,418.36890765359703,1.3512528163957284e-08
1554.000023,418.9261156691113,1.402266558022657e-08
1556.000023,419.48332368462553,1.4532802996495856e-08
1558.000023,420.0405317001398,1.5042940412765146e-08
1560.000023,420.59773971565403,1.5553077829034435e-08
1562.000023,421.1549477311683,1.6063215245303725e-08
1564.000023,421.7121557466826,1.6573352661573014e-08
1566.000023,422.2693637621968,1.70834900778423e-08
1568.000023,422.826571777711,1.759362749411159e-08
1570.000023,423.3837797932253,1.810376491038088e-08
1572.000023,423.9409878087396,1.861390232665017e-08
1574.000023,424.4981958242538,1.9124039742919455e-08
1576.000023,425.0554038397681,1.9634177159188744e-08
1578.000024,425.6126121338863,2.014431483052671e-08
1580.000024,426.16982014940055,2.0654452246796e-08
1582.000024,426.72702816491477,2.1164589663065288e-08
1584.000024,427.28423618042905,2.1674727079334574e-08
1586.000024,427.84144419594327,2.2184864495603864e-08
1588.000024,428.39865221145755,2.2695001911873153e-08
1590.000024,428.95586022697177,2.320513932814244e-08
1592.000024,429.51306824248604,2.371527674441173e-08
1594.000024,430.07027625800026,2.4225414160681018e-08
1596.000024,430.62748427351454,2.4735551576950308e-08
1598.000024,431.1846922890288,2.5245688993219597e-08
1600.000024,431.74190030454304,2.5755826409488887e-08
1602.000024,432.2991083200573,2.6265963825758173e-08
1604.000024,432.85631633557153,2.677610124202746e-08
1606.000024,433.4135243510858,2.728623865829675e-08
1608.000024,433.97073236660003,2.7796376074566038e-08
1610.000024,434.5279403821143,2.8306513490835327e-08
1612.000024,435.08514839762853,2.8816650907104617e-08
1614.000024,435.6423564131428,2.9326788323373903e-08
1616.000024,436.199564428657,2.983692573964319e-08
1618.000024,436.7567724441713,3.034706315591248e-08
1620.000024,437.3139804596855,3.085720057218177e-08
1622.000024,437.8711884751998,3.136733798845106e-08
1624.000024,438.428396490714,3.187747540472035e-08
1626.000024,438.9856045062283,3.2387612820989636e-08
1628.000024,439.5428125217426,3.289775023725892e-08
1630.000024,440.1000205372568,3.340788765352821e-08
1632.000024,440.6572285527711,3.39180250697975e-08
1634.000024,441.2144365682853,3.442816248606679e-08
1636.000024,441.77164458379764,3.483660850729303e-08
1638.000024,442.3288525992989,3.466993049485812e-08
1640.000024,442.8860606148002,3.45032524824232e-08
1642.000024,443.44326863030153,3.433657446998828e-08
1644.000024,444.0004766458028,3.416989645755337e-08
1646.000025,444.55768493990814,3.400321836177944e-08
1648.000025,445.1148929554094,3.3836540349344524e-08
1650.000025,445.6721009709107,3.366986233690961e-08
1652.000025,446.229308986412,3.3503184324474696e-08
1654.000025,446.7865170019133,3.3336506312039775e-08
1656.000025,447.3437250174146,3.316982829960486e-08
1658.000025,447.9009330329159,3.3003150287169947e-08
1660.000025,448.45814104841713,3.283647227473503e-08
1662.000025,449.01534906391845,3.266979426230012e-08
1664.000025,449.57255707941977,3.25031162498652e-08
1666.000025,450.129765094921,3.233643823743028e-08
1668.000025,450.6869731104223,3.216976022499537e-08
1670.000025,451.2441811259236,3.200308221256045e-08
1672.000025,451.8013891414249,3.183640420012554e-08
1674.000025,452.3585971569262,3.166972618769062e-08
1676.000025,452.9158051724275,3.1503048175255706e-08
1678.000025,453.47301318792876,3.133637016282079e-08
1680.000025,454.0302212034301,3.116969215038587e-08
1682.000025,454.58742921893133,3.100301413795096e-08
1684.000025,455.14463723443265,3.083633612551604e-08
1686.000025,455.70184524993397,3.066965811308113e-08
1688.000025,456.2590532654352,3.0502980100646214e-08
1690.000025,456.8162612809365,3.03363020882113e-08
1692.000025,457.3734692964378,3.0169624075776385e-08
1694.000025,457.9306773119391,3.0002946063341465e-08
1696.000025,458.4878853274404,2.983626805090656e-08
1698.000025,459.04509334294164,2.966959003847164e-08
1700.000025,459.60230135844296,2.9502912026036722e-08
1702.000025,460.1595093739443,2.9336234013601808e-08
1704.000025,460.71671738944553,2.916955600116689e-08
1706.000025,461.27392540494685,2.9002877988731976e-08
1708.000025,461.83113342044817,2.883619997629706e-08
1710.000025,462.3883414359494,2.8669521963862144e-08
1712.0000260000002,462.9455497300547,2.8502843868088214e-08
1714.0000260000002,463.50275774555604,2.8336165855653297e-08
1716.0000260000002,464.05996576105736,2.8169487843218383e-08
1718.0000260000002,464.6171737765586,2.8002809830783465e-08
1720.0000260000002,465.17438179205993,2.783613181834855e-08
1722.0000260000002,465.7315898075612,2.7669453805913637e-08
1724.0000260000002,466.2887978230625,2.750277579347872e-08
1726.0000260000002,466.84600583856377,2.7336097781043805e-08
1728.0000260000002,467.4032138540651,2.7169419768608888e-08
1730.0000260000002,467.96042186956635,2.7002741756173973e-08
1732.0000260000002,468.51762988506766,2.6836063743739056e-08
1734.0000260000002,469.0748379005689,2.6669385731304142e-08
1736.0000260000002,469.63204591607024,2.6502707718869228e-08
1738.0000260000002,470.18925393157156,2.6336029706434313e-08
1740.0000260000002,470.7464619470728,2.61693516939994e-08
1742.0000260000002,471.30366996257413,2.600267368156448e-08
1744.0000260000002,471.8608779780754,2.5835995669129567e-08
1746.0000260000002,472.4180859935767,2.5669317656694653e-08
1748.0000260000002,472.97529400907797,2.5502639644259736e-08
1750.0000260000002,473.5325020245793,2.533596163182482e-08
1752.0000260000002,474.08971004008055,2.5169283619389904e-08
1754.0000260000002,474.64691805558186,2.500260560695499e-08
1756.0000260000002,475.2041260710831,2.4835927594520072e-08
1758.0000260000002,475.76133408658444,2.4669249582085158e-08
1760.0000260000002,476.3185421020857,2.4502571569650244e-08
1762.0000260000002,476.875750117587,2.4335893557215326e-08
1764.0000260000002,477.4329581330883,2.4169215544780412e-08
1766.0000260000002,477.9901661485896,2.4002537532345495e-08
1768.0000260000002,478.5473741640909,2.383585951991058e-08
1770.0000260000002,479.10458217959217,2.3669181507475663e-08
1772.0000260000002,479.6617901950935,2.350250349504075e-08
1774.0000260000002,480.21899821059475,2.3335825482605835e-08
1776.0000260000002,480.77620622609606,2.316914747017092e-08
1778.0000260000002,481.3334142415973,2.3002469457736006e-08
1780.000027,481.8906225357026,2.283579136196209e-08
1782.000027,482.4478305512039,2.2669113349527175e-08
1784.000027,483.0050385667052,2.250243533709226e-08
1786.000027,483.5622465822065,2.2335757324657347e-08
1788.000027,484.1194545977078,2.216907931222243e-08
1790.000027,484.6766626132091,2.2002401299787512e-08
1792.000027,485.23387062871035,2.1835723287352598e-08
1794.000027,485.79107864421167,2.1669045274917683e-08
1796.000027,486.3482866597129,2.150236726248277e-08
1798.000027,486.90549467521424,2.1335689250047852e-08
1800.000027,487.4627026907155,2.1169011237612938e-08
1802.000027,488.0199107062168,2.100233322517802e-08
1804.000027,488.5771187217181,2.0835655212743106e-08
1806.000027,489.1343267372194,2.066897720030819e-08
1808.000027,489.69153475272066,2.0502299187873277e-08
1810.000027,490.248742768222,2.033562117543836e-08
1812.000027,490.80595078372323,2.0168943163003442e-08
1814.000027,491.36315879922455,2.0002265150568528e-08
1816.000027,491.92036681472587,1.9835587138133614e-08
1818.000027,492.4775748302271,1.96689091256987e-08
1820.000027,493.03478284572844,1.9502231113263782e-08
1822.000027,493.5919908612297,1.9335553100828865e-08
1824.000027,494.149198876731,1.916887508839395e-08
1826.000027,494.7064068922323,1.9002197075959036e-08
1828.000027,495.2636149077336,1.8835519063524122e-08
1830.000027,495.82082292323486,1.8668841051089208e-08
1832.000027,496.3780309387362,1.850216303865429e-08
1834.000027,496.93523895423743,1.8335485026219373e-08
1836.000027,497.49244696973875,1.816880701378446e-08
1838.000027,498.04965498524007,1.8002129001349545e-08
1840.000027,498.6068630007413,1.7835450988914627e-08
1842.000027,499.1640710162426,1.7668772976479713e-08
1844.000027,499.7212790317439,1.7502094964044795e-08
1846.0000280000002,500.27848732584926,1.7335416868270865e-08
1848.0000280000002,500.8356953413505,1.716873885583595e-08
1850.0000280000002,501.39290335685183,1.7002060843401034e-08
1852.0000280000002,501.9501113723531,1.683538283096612e-08
1854.0000280000002,502.5073193878544,1.6668704818531205e-08
1856.0000280000002,503.06452740335567,1.6502026806096288e-08
1858.0000280000002,503.621735418857,1.6335348793661374e-08
1860.0000280000002,504.1789434343583,1.616867078122646e-08
1862.0000280000002,504.73615144985956,1.6001992768791542e-08
1864.0000280000002,505.2933594653609,1.5835314756356628e-08
1866.0000280000002,505.85056748086214,1.566863674392171e-08
1868.0000280000002,506.40777549636346,1.5501958731486796e-08
1870.0000280000002,506.9649835118647,1.5335280719051882e-08
1872.0000280000002,507.52219152736603,1.5168602706616964e-08
1874.0000280000002,508.0793995428673,1.500192469418205e-08
1876.0000280000002,508.6366075583686,1.4835246681747134e-08
1878.0000280000002,509.19381557386987,1.4668568669312218e-08
1880.0000280000002,509.7510235893712,1.4501890656877304e-08
1882.0000280000002,510.30823160487245,1.4335212644442388e-08
1884.0000280000002,510.86543962037376,1.4168534632007472e-08
1886.0000280000002,511.4226476358751,1.4001856619572557e-08
1888.0000280000002,511.97985565137634,1.383517860713764e-08
1890.0000280000002,512.5370636668777,1.3668500594702727e-08
1892.0000280000002,513.0942716823789,1.350182258226781e-08
1894.0000280000002,513.6514796978802,1.3335144569832895e-08
1896.0000280000002,514.2086877133816,1.316846655739798e-08
1898.0000280000002,514.7658957288828,1.3001788544963065e-08
1900.0000280000002,515.3231037443841,1.2835110532528149e-08
1902.0000280000002,515.8803117598853,1.2668432520093233e-08
1904.0000280000002,516.4375197753867,1.2501754507658317e-08
1906.0000280000002,516.994727790888,1.2335076495223403e-08
1908.0000280000002,517.5519358063892,1.2168398482788487e-08
1910.0000280000002,518.1091438218905,1.2001720470353571e-08
1912.0000280000002,518.6663518373919,1.1835042457918657e-08
1914.0000289999998,519.223560131497,1.1668364362144764e-08
1916.0000289999998,519.7807681469983,1.1501686349709848e-08
1918.0000289999998,520.3379761624996,1.1335008337274932e-08
1920.0000289999998,520.8951841780009,1.1168330324840018e-08
1922.0000289999998,521.4523921935022,1.1001652312405102e-08
1924.0000289999998,522.0096002090035,1.0834974299970186e-08
1926.0000289999998,522.5668082245048,1.066829628753527e-08
1928.0000289999998,523.1240162400061,1.0501618275100354e-08
1930.0000289999998,523.6812242555073,1.033494026266544e-08
1932.0000289999998,524.2384322710086,1.0168262250230524e-08
1934.0000289999998,524.79564028651,1.0001584237795608e-08
1936.0000289999998,525.3528483020133,9.885577401807596e-09
1938.0000289999998,525.9100563175189,9.825512362763255e-09
1940.0000289999998,526.4672643330244,9.765447323718911e-09
1942.0000289999998,527.02447234853,9.705382284674574e-09
1944.0000289999998,527.5816803640356,9.64531724563023e-09
1946.0000289999998,528.1388883795412,9.58525220658589e-09
1948.0000289999998,528.6960963950468,9.52518716754155e-09
1950.0000289999998,529.2533044105523,9.465122128497209e-09
1952.0000289999998,529.8105124260579,9.405057089452869e-09
1954.0000289999998,530.3677204415635,9.344992050408528e-09
1956.0000289999998,530.9249284570692,9.284927011364188e-09
1958.0000289999998,531.4821364725747,9.224861972319847e-09
1960.0000289999998,532.0393444880804,9.164796933275504e-09
1962.0000289999998,532.5965525035858,9.104731894231166e-09
1964.0000289999998,533.1537605190915,9.044666855186826e-09
1966.0000289999998,533.7109685345971,8.984601816142482e-09
1968.0000289999998,534.2681765501027,8.924536777098142e-09
1970.0000289999998,534.8253845656083,8.864471738053801e-09
1972.0000289999998,535.3825925811138,8.80440669900946e-09
1974.0000289999998,535.9398005966194,8.74434165996512e-09
1976.0000289999998,536.497008612125,8.68427662092078e-09
1978.0000289999998,537.0542166276306,8.62421158187644e-09
1980.0000300000002,537.6114249217403,8.56414651279957e-09
1982.0000300000002,538.1686329372459,8.504081473755226e-09
1984.0000300000002,538.7258409527515,8.444016434710885e-09
1986.0000300000002,539.283048968257,8.383951395666545e-09
1988.0000300000002,539.8402569837626,8.323886356622204e-09
1990.0000300000002,540.3974649992682,8.263821317577864e-09
1992.0000300000002,540.9546730147738,8.203756278533524e-09
1994.0000300000002,541.5118810302794,8.143691239489183e-09
1996.0000300000002,542.069089045785,8.083626200444843e-09
1998.0000300000002,542.6262970612905,8.023561161400499e-09
2000.0000300000002,543.1835050767961,7.963496122356162e-09
2002.0000300000002,543.7407130923017,7.903431083311821e-09
2004.0000300000002,544.2979211078073,7.843366044267477e-09
2006.0000300000002,544.855129123313,7.783301005223137e-09
2008.0000300000002,545.4123371388184,7.723235966178796e-09
2010.0000300000002,545.9695451543241,7.663170927134456e-09
2012.0000300000002,546.5267531698296,7.603105888090116e-09
2014.0000300000002,547.0839611853353,7.543040849045775e-09
2016.0000300000002,547.6411692008407,7.482975810001435e-09
2018.0000300000002,548.1983772163464,7.422910770957094e-09
2020.0000300000002,548.7555852318519,7.362845731912754e-09
2022.0000300000002,549.3127932473576,7.302780692868413e-09
2024.0000300000002,549.8700012628632,7.2427156538240695e-09
2026.0000300000002,550.4272092783688,7.182650614779729e-09
2028.0000300000002,550.9844172938743,7.1225855757353885e-09
2030.0000300000002,551.5416253093799,7.062520536691048e-09
2032.0000300000002,552.0988333248855,7.002455497646708e-09
2034.0000300000002,552.6560413403911,6.942390458602367e-09
2036.0000300000002,553.2132493558967,6.882325419558027e-09
2038.0000300000002,553.7704573714022,6.8222603805136845e-09
2040.0000300000002,554.3276653869078,6.762195341469344e-09
2042.0000300000002,554.8848734024134,6.702130302425005e-09
2044.0000300000002,555.442081417919,6.642065263380663e-09
2046.0000300000002,555.9992894334246,6.582000224336321e-09
2048.000031,556.5564977275342,6.521935155259466e-09
2050.000031,557.1137057430398,6.461870116215124e-09
2052.000031,557.6709137585453,6.401805077170785e-09
2054.000031,558.2281217740509,6.341740038126443e-09
2056.000031,558.7853297895565,6.281674999082103e-09
2058.000031,559.3425378050621,6.221609960037761e-09
2060.000031,559.8997458205677,6.161544920993422e-09
2062.000031,560.4569538360732,6.10147988194908e-09
2064.000031,561.0141618515788,6.041414842904739e-09
2066.000031,561.5713698670844,5.981349803860399e-09
2068.000031,562.12857788259,5.921284764816058e-09
2070.000031,562.6857858980957,5.861219725771716e-09
2072.000031,563.2429939136011,5.801154686727377e-09
2074.000031,563.8002019291068,5.741089647683035e-09
2076.000031,564.3574099446124,5.681024608638695e-09
2078.000031,564.914617960118,5.620959569594353e-09
2080.000031,565.4718259756236,5.560894530550014e-09
2082.000031,566.0290339911292,5.500829491505672e-09
2084.000031,566.5862420066347,5.440764452461331e-09
2086.000031,567.1434500221403,5.3806994134169924e-09
2088.000031,567.7006580376459,5.32063437437265e-09
2090.000031,568.2578660531515,5.260569335328308e-09
2092.000031,568.815074068657,5.200504296283968e-09
2094.000031,569.3722820841626,5.140439257239629e-09
2096.000031,569.9294900996682,5.080374218195287e-09
2098.000031,570.4866981151738,5.020309179150946e-09
2100.000031,571.0439061306794,4.960244140106606e-09
2102.000031,571.601114146185,4.900179101062265e-09
2104.000031,572.1583221616905,4.840114062017923e-09
2106.000031,572.7155301771961,4.780049022973583e-09
2108.000031,573.2727381927017,4.719983983929242e-09
2110.000031,573.8299462082073,4.659918944884902e-09
2112.000031,574.387154223713,4.59985390584056e-09
2114.000032,574.9443625178225,4.539788836763703e-09
2116.000032,575.501570533328,4.479723797719363e-09
2118.000032,576.0587785488336,4.419658758675022e-09
2120.000032,576.6159865643392,4.359593719630682e-09
2122.000032,577.1731945798448,4.29952868058634e-09
2124.000032,577.7304025953504,4.239463641542001e-09
2126.000032,578.287610610856,4.179398602497659e-09
2128.000032,578.8448186263615,4.119333563453318e-09
2130.000032,579.4020266418672,4.059268524408976e-09
2132.000032,579.9592346573727,3.9992034853646375e-09
2134.000032,580.5164426728784,3.939138446320297e-09
2136.000032,581.073650688384,3.879073407275955e-09
2138.000032,581.6308587038895,3.819008368231616e-09
2140.000032,582.1880667193951,3.758943329187274e-09
2142.000032,582.7452747349007,3.6988782901429335e-09
2144.000032,583.3024827504063,3.6388132510985914e-09
2146.000032,583.8596907659119,3.5787482120542526e-09
2148.000032,584.4168987814174,3.5186831730099104e-09
2150.000032,584.974106796923,3.45861813396557e-09
2152.000032,585.5313148124286,3.3985530949212295e-09
2154.000032,586.0885228279342,3.338488055876889e-09
2156.000032,586.6457308434398,3.278423016832547e-09
2158.000032,587.2029388589453,3.2183579777882065e-09
2160.000032,587.7601468744509,3.158292938743866e-09
2162.000032,588.3173548899565,3.0982278996995255e-09
2164.000032,588.8745629054621,3.0381628606551834e-09
2166.000032,589.4317709209677,2.9780978216108446e-09
2168.000032,589.9889789364734,2.9180327825665025e-09
2170.000032,590.5461869519788,2.857967743522162e-09
2172.000032,591.1033949674845,2.79790270447782e-09
2174.000032,591.6606029829901,2.737837665433481e-09
2176.000032,592.2178109984957,2.677772626389139e-09
2178.000032,592.7750190140013,2.6177075873447985e-09
2180.000032,593.3322270295068,2.5576425483004597e-09
2182.000033,593.8894353236163,2.4975774792236e-09
2184.000033,594.4466433391219,2.437512440179261e-09
2186.000033,595.0038513546275,2.3774474011349206e-09
2188.000033,595.5610593701331,2.3173823620905785e-09
2190.000033,596.1182673856388,2.2573173230462397e-09
2192.000033,596.6754754011442,2.1972522840018976e-09
2194.000033,597.2326834166499,2.137187244957557e-09
2196.000033,597.7898914321555,2.077122205913215e-09
2198.000033,598.3470994476611,2.017057166868876e-09
2200.000033,598.9043074631667,1.956992127824534e-09
2202.000033,599.4615154786723,1.8969270887801936e-09
2204.000033,600.0187234941778,1.8368620497358531e-09
2206.000033,600.5759315096834,1.7767970106915127e-09
2208.000033,601.133139525189,1.7167319716471706e-09
2210.000033,601.6903475406946,1.65666693260283e-09
2212.000033,602.2475555562002,1.5966018935584896e-09
2214.000033,602.8047635717057,1.5365368545141492e-09
2216.000033,603.3619715872113,1.476471815469807e-09
2218.000033,603.9191796027169,1.4164067764254682e-09
2220.000033,604.4763876182225,1.3563417373811261e-09
2222.000033,605.033595633728,1.2962766983367856e-09
2224.000033,605.5908036492337,1.2362116592924435e-09
2226.000033,606.1480116647392,1.1761466202481047e-09
2228.000033,606.7052196802449,1.1160815812037642e-09
2230.000033,607.2624276957505,1.0560165421594221e-09
2232.000033,607.8196357112561,9.959515031150833e-10
2234.000033,608.3768437267616,9.358864640707412e-10
2236.000033,608.9340517422672,8.758214250264007e-10
2238.000033,609.4912597577728,8.157563859820603e-10
2240.000033,610.0484677732784,7.556913469377198e-10
2242.000033,610.605675788784,6.956263078933777e-10
2244.000033,611.1628838042895,6.355612688490372e-10
2246.000033,611.7200918197951,5.754962298046967e-10
2248.000033,612.2772998353007,5.154311907603563e-10
2250.000034,612.8345081294104,4.5536612168348495e-10
2252.000034,613.391716144916,3.953010826391445e-10
2254.000034,613.9489241604216,3.35236043594804e-10
2256.000034,614.5061321759272,2.751710045504619e-10
2258.000034,615.0633401914328,2.1510596550612143e-10
2260.000034,615.6205482069383,1.5504092646178262e-10
2262.000034,616.1777562224439,9.49758874174405e-11
2264.000034,616.7349642379495,3.491084837310003e-11
2266.000034,617.2921722534551,-2.5154190671240433e-11
2268.000034,617.8493802689607,-8.52192297155809e-11
2270.000034,618.4065882844662,-1.4528426875992302e-10
2272.000034,618.9637962999718,-2.0534930780426348e-10
2274.000034,619.5210043154774,-2.6541434684860395e-10
2276.000034,620.078212330983,-3.254793858929444e-10
2278.000034,620.6354203464886,-3.855444249372849e-10
2280.000034,621.1926283619941,-4.45609463981627e-10
2282.000034,621.7498363774998,-5.056745030259675e-10
2284.000034,622.3070443930053,-5.657395420703079e-10
2286.000034,622.864252408511,-6.258045811146492e-10
2288.000034,623.4214604240166,-6.858696201589889e-10
2290.000034,623.9786684395222,-7.459346592033302e-10
2292.000034,624.5358764550277,-8.059996982476706e-10
2294.000034,625.0930844705333,-8.660647372920119e-10
2296.000034,625.6502924860389,-9.261297763363524e-10
2298.000034,626.2075005015445,-9.861948153806928e-10
2300.000034,626.76470851705,-1.0462598544250341e-09
2302.000034,627.3219165325556,-1.1063248934693746e-09
2304.000034,627.8791245480612,-1.1663899325137159e-09
2306.000034,628.4363325635668,-1.2264549715580564e-09
2308.000034,628.9935405790724,-1.2865200106023968e-09
2310.000034,629.550748594578,-1.3465850496467381e-09
2312.000034,630.1079566100835,-1.4066500886910786e-09
2314.000034,630.6651646255891,-1.4667151277354199e-09
2316.000035,631.2223729196987,-1.5267801968122763e-09
2318.000035,631.7795809352043,-1.5868452358566176e-09
2320.000035,632.3367889507099,-1.646910274900958e-09
2322.000035,632.8939969662155,-1.7069753139452994e-09
2324.000035,633.451204981721,-1.7670403529896398e-09
2326.000035,634.0084129972266,-1.8271053920339795e-09
2328.000035,634.5656210127322,-1.8871704310783216e-09
2330.000035,635.1228290282378,-1.9472354701226612e-09
2332.000035,635.6800370437434,-2.0073005091670034e-09
2334.000035,636.237245059249,-2.067365548211343e-09
2336.000035,636.7944530747545,-2.1274305872556835e-09
2338.000035,637.3516610902601,-2.1874956263000248e-09
2340.000035,637.9088691057657,-2.2475606653443652e-09
2342.000035,638.4660771212714,-2.3076257043887065e-09
2344.000035,639.023285136777,-2.367690743433047e-09
2346.000035,639.5804931522825,-2.4277557824773883e-09
2348.000035,640.1377011677881,-2.4878208215217287e-09
2350.000035,640.6949091832937,-2.547885860566069e-09
2352.000035,641.2521171987993,-2.6079508996104105e-09
2354.000035,641.8093252143049,-2.668015938654751e-09
2356.000035,642.3665332298104,-2.7280809776990923e-09
2358.000035,642.923741245316,-2.7881460167434327e-09
2360.000035,643.4809492608216,-2.848211055787774e-09
2362.000035,644.0381572763272,-2.9082760948321145e-09
2364.000035,644.5953652918328,-2.968341133876455e-09
2366.000035,645.1525733073383,-3.0284061729207962e-09
2368.000035,645.7097813228439,-3.0884712119651367e-09
2370.000035,646.2669893383495,-3.148536251009478e-09
2372.000035,646.8241973538551,-3.2086012900538185e-09
2374.000035,647.3814053693607,-3.268666329098158e-09
2376.000035,647.9386133848662,-3.3287313681425002e-09
2378.000035,648.4958214003718,-3.38879640718684e-09
2380.000035,649.0530294158775,-3.448861446231182e-09
2382.000035,649.6102374313831,-3.5089264852755216e-09
2384.000036,650.1674457254926,-3.568991554352379e-09
2386.000036,650.7246537409982,-3.6290565933967194e-09
2388.000036,651.2818617565038,-3.6891216324410607e-09
2390.000036,651.8390697720093,-3.749186671485401e-09
2392.000036,652.3962777875149,-3.809251710529742e-09
2394.000036,652.9534858030205,-3.869316749574083e-09
2396.000036,653.5106938185261,-3.929381788618423e-09
2398.000036,654.0679018340317,-3.989446827662764e-09
2400.000036,654.6251098495372,-4.049511866707105e-09
2402.000036,655.1823178650429,-4.1095769057514456e-09
2404.000036,655.7395258805485,-4.169641944795787e-09
2406.000036,656.2967338960541,-4.229706983840127e-09
2408.000036,656.8539419115597,-4.289772022884468e-09
2410.000036,657.4111499270653,-4.349837061928809e-09
2412.000036,657.9683579425708,-4.4099021009731495e-09
2414.000036,658.5255659580764,-4.46996714001749e-09
2416.000036,659.082773973582,-4.530032179061831e-09
2418.000036,659.6399819890876,-4.590097218106173e-09
2420.000036,660.1971900045932,-4.650162257150513e-09
2422.000036,660.7543980200987,-4.7102272961948535e-09
2424.000036,661.3116060356043,-4.770292335239194e-09
2426.000036,661.8688140511099,-4.830357374283535e-09
2428.000036,662.4260220666155,-4.8904224133278766e-09
2430.000036,662.983230082121,-4.950487452372217e-09
2432.000036,663.5404380976266,-5.0105524914165575e-09
2434.000036,664.0976461131322,-5.070617530460898e-09
2436.000036,664.6548541286378,-5.1306825695052384e-09
2438.000036,665.2120621441434,-5.19074760854958e-09
2440.000036,665.7692701596491,-5.250812647593921e-09
2442.000036,666.3264781751546,-5.3108776866382615e-09
2444.000036,666.8836861906602,-5.370942725682602e-09
2446.000036,667.4408942061658,-5.4310077647269424e-09
2448.000036,667.9981022216714,-5.491072803771284e-09
2450.0000370000002,668.555310515781,-5.551137872848154e-09
2452.0000370000002,669.1125185312866,-5.611202911892495e-09
2454.0000370000002,669.6697265467922,-5.671267950936835e-09
2456.0000370000002,670.2269345622979,-5.7313329899811765e-09
2458.0000370000002,670.7841425778034,-5.791398029025518e-09
2460.0000370000002,671.341350593309,-5.851463068069858e-09
2462.0000370000002,671.8985586088146,-5.911528107114199e-09
2464.0000370000002,672.4557666243202,-5.971593146158539e-09
2466.0000370000002,673.0129746398258,-6.0316581852028804e-09
2468.0000370000002,673.5701826553313,-6.091723224247222e-09
2470.0000370000002,674.1273906708369,-6.151788263291562e-09
2472.0000370000002,674.6845986863425,-6.211853302335903e-09
2474.0000370000002,675.2418067018481,-6.271918341380243e-09
2476.0000370000002,675.7990147173537,-6.3319833804245844e-09
2478.0000370000002,676.3562227328592,-6.392048419468925e-09
2480.0000370000002,676.9134307483648,-6.452113458513266e-09
2482.0000370000002,677.4706387638704,-6.512178497557607e-09
2484.0000370000002,678.027846779376,-6.572243536601947e-09
2486.0000370000002,678.5850547948816,-6.632308575646288e-09
2488.0000370000002,679.1422628103871,-6.692373614690629e-09
2490.0000370000002,679.6994708258927,-6.75243865373497e-09
2492.0000370000002,680.2566788413983,-6.812503692779311e-09
2494.0000370000002,680.813886856904,-6.872568731823651e-09
2496.0000370000002,681.3710948724096,-6.932633770867992e-09
2498.0000370000002,681.9283028879152,-6.992698809912333e-09
2500.0000370000002,682.4855109034207,-7.052763848956673e-09
2502.0000370000002,683.0427189189263,-7.112828888001015e-09
2504.0000370000002,683.5999269344319,-7.172893927045355e-09
2506.0000370000002,684.1571349499375,-7.2329589660896955e-09
2508.0000370000002,684.714342965443,-7.293024005134037e-09
2510.0000370000002,685.2715509809486,-7.353089044178377e-09
2512.0000370000002,685.8287589964542,-7.4131540832227186e-09
2514.0000370000002,686.3859670119598,-7.473219122267059e-09
2516.0000370000002,686.9431750274654,-7.5332841613114e-09
2518.0000379999997,687.5003833215749,-7.593349230388243e-09
2520.0000379999997,688.0575913370805,-7.653414269432583e-09
2522.0000379999997,688.614799352586,-7.713479308476925e-09
2524.0000379999997,689.1720073680916,-7.773544347521266e-09
2526.0000379999997,689.7292153835972,-7.833609386565606e-09
2528.0000379999997,690.2864233991028,-7.893674425609947e-09
2530.0000379999997,690.8436314146084,-7.953739464654287e-09
2532.0000379999997,691.4008394301139,-8.013804503698628e-09
2534.0000379999997,691.9580474456191,-8.064388450914466e-09
2536.0000379999997,692.5152554611238,-8.04881318077229e-09
2538.0000379999997,693.0724634766286,-8.033237910630114e-09
2540.0000379999997,693.6296714921334,-8.017662640487938e-09
2542.0000379999997,694.1868795076382,-8.002087370345763e-09
2544.0000379999997,694.744087523143,-7.986512100203586e-09
2546.0000379999997,695.3012955386478,-7.97093683006141e-09
2548.0000379999997,695.8585035541525,-7.955361559919233e-09
2550.0000379999997,696.4157115696573,-7.939786289777058e-09
2552.0000379999997,696.9729195851621,-7.924211019634882e-09
2554.0000379999997,697.5301276006669,-7.908635749492707e-09
2556.0000379999997,698.0873356161717,-7.89306047935053e-09
2558.0000379999997,698.6445436316765,-7.877485209208354e-09
2560.0000379999997,699.2017516471813,-7.861909939066178e-09
2562.0000379999997,699.758959662686,-7.846334668924003e-09
2564.0000379999997,700.3161676781908,-7.830759398781826e-09
2566.0000379999997,700.8733756936956,-7.81518412863965e-09
2568.0000379999997,701.4305837092004,-7.799608858497475e-09
2570.0000379999997,701.9877917247052,-7.784033588355298e-09
2572.0000379999997,702.54499974021,-7.768458318213122e-09
2574.0000379999997,703.1022077557147,-7.752883048070947e-09
2576.0000379999997,703.6594157712195,-7.73730777792877e-09
2578.0000379999997,704.2166237867243,-7.721732507786594e-09
2580.0000379999997,704.7738318022291,-7.706157237644419e-09
2582.0000379999997,705.3310398177339,-7.690581967502243e-09
2584.000039,705.8882481118428,-7.675006689572429e-09
2586.000039,706.4454561273476,-7.659431419430252e-09
2588.000039,707.0026641428524,-7.643856149288077e-09
2590.000039,707.5598721583572,-7.6282808791459e-09
2592.000039,708.117080173862,-7.612705609003726e-09
2594.000039,708.6742881893667,-7.59713033886155e-09
2596.000039,709.2314962048715,-7.581555068719373e-09
2598.000039,709.7887042203763,-7.565979798577196e-09
2600.000039,710.3459122358811,-7.55040452843502e-09
2602.000039,710.9031202513859,-7.534829258292845e-09
2604.000039,711.4603282668907,-7.519253988150668e-09
2606.000039,712.0175362823954,-7.503678718008494e-09
2608.000039,712.5747442979002,-7.488103447866317e-09
2610.000039,713.131952313405,-7.472528177724142e-09
2612.000039,713.6891603289098,-7.456952907581966e-09
2614.000039,714.2463683444146,-7.441377637439789e-09
2616.000039,714.8035763599194,-7.425802367297613e-09
2618.000039,715.3607843754241,-7.410227097155437e-09
2620.000039,715.9179923909289,-7.394651827013261e-09
2622.000039,716.4752004064337,-7.379076556871085e-09
2624.000039,717.0324084219385,-7.363501286728909e-09
2626.000039,717.5896164374433,-7.3479260165867334e-09
2628.000039,718.1468244529481,-7.332350746444557e-09
2630.000039,718.7040324684529,-7.316775476302381e-09
2632.000039,719.2612404839576,-7.301200206160205e-09
2634.000039,719.8184484994624,-7.285624936018029e-09
2636.000039,720.3756565149672,-7.270049665875853e-09
2638.000039,720.932864530472,-7.254474395733678e-09
2640.000039,721.4900725459768,-7.238899125591501e-09
2642.000039,722.0472805614814,-7.2233238554493255e-09
2644.000039,722.6044885769863,-7.20774858530715e-09
2646.000039,723.1616965924911,-7.192173315164973e-09
2648.000039,723.7189046079959,-7.176598045022798e-09
2650.000039,724.2761126235007,-7.161022774880621e-09
2652.00004,724.8333209176094,-7.145447496950811e-09
2654.00004,725.3905289331142,-7.1298722268086356e-09
2656.00004,725.947736948619,-7.114296956666459e-09
2658.00004,726.5049449641238,-7.098721686524283e-09
2660.00004,727.0621529796285,-7.083146416382107e-09
2662.00004,727.6193609951333,-7.067571146239932e-09
2664.00004,728.1765690106381,-7.0519958760977555e-09
2666.00004,728.7337770261429,-7.03642060595558e-09
2668.00004,729.2909850416477,-7.020845335813403e-09
2670.00004,729.8481930571525,-7.005270065671227e-09
2672.00004,730.4054010726572,-6.989694795529052e-09
2674.00004,730.962609088162,-6.9741195253868754e-09
2676.00004,731.5198171036668,-6.9585442552447e-09
2678.00004,732.0770251191716,-6.942968985102523e-09
2680.00004,732.6342331346764,-6.9273937149603476e-09
2682.00004,733.1914411501812,-6.911818444818172e-09
2684.00004,733.748649165686,-6.896243174675995e-09
2686.00004,734.3058571811907,-6.88066790453382e-09
2688.00004,734.8630651966955,-6.865092634391643e-09
2690.00004,735.4202732122003,-6.8495173642494675e-09
2692.00004,735.9774812277051,-6.833942094107292e-09
2694.00004,736.5346892432099,-6.818366823965116e-09
2696.00004,737.0918972587147,-6.80279155382294e-09
2698.00004,737.6491052742194,-6.787216283680763e-09
2700.00004,738.2063132897242,-6.771641013538587e-09
2702.00004,738.763521305229,-6.756065743396412e-09
2704.00004,739.3207293207338,-6.740490473254236e-09
2706.00004,739.8779373362386,-6.7249152031120595e-09
2708.00004,740.4351453517434,-6.709339932969884e-09
2710.00004,740.9923533672481,-6.693764662827708e-09
2712.00004,741.5495613827529,-6.678189392685532e-09
2714.00004,742.1067693982577,-6.662614122543356e-09
2716.00004,742.6639774137625,-6.6470388524011795e-09
2718.0000410000002,743.2211857078713,-6.631463574471366e-09
2720.0000410000002,743.7783937233761,-6.61588830432919e-09
2722.0000410000002,744.3356017388809,-6.600313034187015e-09
2724.0000410000002,744.8928097543857,-6.5847377640448384e-09
2726.0000410000002,745.4500177698905,-6.569162493902662e-09
2728.0000410000002,746.0072257853952,-6.553587223760486e-09
2730.0000410000002,746.5644338009,-6.53801195361831e-09
2732.0000410000002,747.1216418164048,-6.522436683476135e-09
2734.0000410000002,747.6788498319096,-6.506861413333958e-09
2736.0000410000002,748.2360578474144,-6.491286143191783e-09
2738.0000410000002,748.7932658629192,-6.475710873049606e-09
2740.0000410000002,749.3504738784239,-6.46013560290743e-09
2742.0000410000002,749.9076818939287,-6.444560332765255e-09
2744.0000410000002,750.4648899094335,-6.428985062623078e-09
2746.0000410000002,751.0220979249383,-6.413409792480903e-09
2748.0000410000002,751.5793059404431,-6.397834522338726e-09
2750.0000410000002,752.1365139559479,-6.382259252196551e-09
2752.0000410000002,752.6937219714526,-6.366683982054375e-09
2754.0000410000002,753.2509299869574,-6.351108711912198e-09
2756.0000410000002,753.8081380024622,-6.3355334417700225e-09
2758.0000410000002,754.365346017967,-6.319958171627846e-09
2760.0000410000002,754.9225540334718,-6.304382901485671e-09
2762.0000410000002,755.4797620489766,-6.288807631343495e-09
2764.0000410000002,756.0369700644814,-6.273232361201319e-09
2766.0000410000002,756.5941780799861,-6.2576570910591425e-09
2768.0000410000002,757.1513860954909,-6.242081820916966e-09
2770.0000410000002,757.7085941109957,-6.226506550774791e-09
2772.0000410000002,758.2658021265005,-6.210931280632615e-09
2774.0000410000002,758.8230101420053,-6.195356010490439e-09
2776.0000410000002,759.3802181575101,-6.179780740348262e-09
2778.0000410000002,759.9374261730148,-6.164205470206087e-09
2780.0000410000002,760.4946341885196,-6.148630200063911e-09
2782.0000410000002,761.0518422040243,-6.133054929921735e-09
2784.0000410000002,761.6090502195292,-6.117479659779559e-09
2786.000042,762.1662585136379,-6.101904381849748e-09
2788.000042,762.7234665291427,-6.086329111707573e-09
2790.000042,763.2806745446475,-6.070753841565397e-09
2792.000042,763.8378825601523,-6.05517857142322e-09
2794.000042,764.395090575657,-6.039603301281045e-09
2796.000042,764.9522985911618,-6.024028031138868e-09
2798.000042,765.5095066066666,-6.008452760996693e-09
2800.000042,766.0667146221714,-5.992877490854517e-09
2802.000042,766.6239226376762,-5.977302220712341e-09
2804.000042,767.181130653181,-5.9617269505701645e-09
2806.000042,767.7383386686857,-5.94615168042799e-09
2808.000042,768.2955466841905,-5.930576410285813e-09
2810.000042,768.8527546996953,-5.915001140143637e-09
2812.000042,769.4099627152001,-5.899425870001461e-09
2814.000042,769.9671707307049,-5.8838505998592845e-09
2816.000042,770.5243787462097,-5.86827532971711e-09
2818.000042,771.0815867617144,-5.852700059574933e-09
2820.000042,771.6387947772192,-5.8371247894327574e-09
2822.000042,772.196002792724,-5.821549519290581e-09
2824.000042,772.7532108082288,-5.805974249148404e-09
2826.000042,773.3104188237336,-5.7903989790062295e-09
2828.000042,773.8676268392384,-5.774823708864053e-09
2830.000042,774.4248348547432,-5.759248438721877e-09
2832.000042,774.9820428702479,-5.743673168579701e-09
2834.000042,775.5392508857527,-5.728097898437525e-09
2836.000042,776.0964589012575,-5.7125226282953495e-09
2838.000042,776.6536669167623,-5.696947358153173e-09
2840.000042,777.2108749322671,-5.681372088010997e-09
2842.000042,777.7680829477719,-5.665796817868821e-09
2844.000042,778.3252909632766,-5.650221547726645e-09
2846.000042,778.8824989787814,-5.634646277584469e-09
2848.000042,779.4397069942862,-5.619071007442294e-09
2850.000042,779.996915009791,-5.603495737300117e-09
2852.000042,780.5541230252958,-5.5879204671579415e-09
2854.000043,781.1113313194045,-5.572345189228132e-09
2856.000043,781.6685393349094,-5.556769919085955e-09
2858.000043,782.225747350414,-5.5411946489437795e-09
2860.000043,782.7829553659188,-5.525619378801603e-09
2862.000043,783.3401633814237,-5.5100441086594265e-09
2864.000043,783.8973713969284,-5.494468838517252e-09
2866.000043,784.4545794124333,-5.478893568375075e-09
2868.000043,785.011787427938,-5.4633182982328994e-09
2870.000043,785.5689954434428,-5.447743028090723e-09
2872.000043,786.1262034589475,-5.432167757948548e-09
2874.000043,786.6834114744523,-5.4165924878063715e-09
2876.000043,787.2406194899572,-5.401017217664195e-09
2878.000043,787.7978275054619,-5.385441947522019e-09
2880.000043,788.3550355209667,-5.369866677379843e-09
2882.000043,788.9122435364715,-5.354291407237668e-09
2884.000043,789.4694515519762,-5.3387161370954915e-09
2886.000043,790.026659567481,-5.323140866953316e-09
2888.000043,790.5838675829858,-5.307565596811139e-09
2890.000043,791.1410755984906,-5.291990326668964e-09
2892.000043,791.6982836139954,-5.276415056526788e-09
2894.000043,792.2554916295002,-5.260839786384611e-09
2896.000043,792.812699645005,-5.245264516242436e-09
2898.000043,793.3699076605097,-5.229689246100259e-09
2900.000043,793.9271156760145,-5.2141139759580835e-09
2902.000043,794.4843236915193,-5.198538705815908e-09
2904.000043,795.0415317070241,-5.182963435673732e-09
2906.000043,795.5987397225289,-5.167388165531556e-09
2908.000043,796.1559477380337,-5.151812895389379e-09
2910.000043,796.7131557535384,-5.1362376252472034e-09
2912.000043,797.2703637690432,-5.120662355105028e-09
2914.000043,797.827571784548,-5.105087084962852e-09
2916.000043,798.3847798000528,-5.0895118148206756e-09
2918.000043,798.9419878155576,-5.0739365446785e-09
2920.0000440000003,799.4991961096664,-5.058361266748686e-09
2922.0000440000003,800.0564041251713,-5.04278599660651e-09
2924.0000440000003,800.613612140676,-5.0272107264643345e-09
2926.0000440000003,801.1708201561809,-5.011635456322158e-09
2928.0000440000003,801.7280281716855,-4.996060186179982e-09
2930.0000440000003,802.2852361871903,-4.980484916037806e-09
2932.0000440000003,802.8424442026952,-4.96490964589563e-09
2934.0000440000003,803.3996522181999,-4.9493343757534545e-09
2936.0000440000003,803.9568602337048,-4.933759105611278e-09
2938.0000440000003,804.5140682492095,-4.918183835469102e-09
2940.0000440000003,805.0712762647142,-4.902608565326926e-09
2942.0000440000003,805.628484280219,-4.887033295184751e-09
2944.0000440000003,806.1856922957238,-4.871458025042574e-09
2946.0000440000003,806.7429003112286,-4.855882754900399e-09
2948.0000440000003,807.3001083267334,-4.840307484758222e-09
2950.0000440000003,807.8573163422382,-4.824732214616046e-09
2952.0000440000003,808.414524357743,-4.809156944473871e-09
2954.0000440000003,808.9717323732477,-4.793581674331694e-09
2956.0000440000003,809.5289403887525,-4.778006404189519e-09
2958.0000440000003,810.0861484042573,-4.762431134047342e-09
2960.0000440000003,810.6433564197621,-4.746855863905167e-09
2962.0000440000003,811.2005644352669,-4.731280593762991e-09
2964.0000440000003,811.7577724507717,-4.715705323620814e-09
2966.0000440000003,812.3149804662764,-4.7001300534786386e-09
2968.0000440000003,812.8721884817812,-4.684554783336462e-09
2970.0000440000003,813.429396497286,-4.668979513194287e-09
2972.0000440000003,813.9866045127908,-4.653404243052111e-09
2974.0000440000003,814.5438125282956,-4.637828972909935e-09
2976.0000440000003,815.1010205438004,-4.6222537027677585e-09
2978.0000440000003,815.6582285593051,-4.606678432625582e-09
2980.0000440000003,816.2154365748099,-4.591103162483407e-09
2982.0000440000003,816.7726445903147,-4.575527892341231e-09
2984.0000440000003,817.3298526058195,-4.559952622199055e-09
2986.0000440000003,817.8870606213243,-4.5443773520568784e-09
2988.000045,818.444268915433,-4.528802074127072e-09
2990.000045,819.0014769309378,-4.513226803984896e-09
2992.000045,819.5586849464426,-4.49765153384272e-09
2994.000045,820.1158929619473,-4.482076263700545e-09
2996.000045,820.6731009774521,-4.466500993558368e-09
2998.000045,821.2303089929569,-4.450925723416193e-09
3000.000045,821.7875170084617,-4.435350453274016e-09
3002.000045,822.3447250239665,-4.41977518313184e-09
3004.000045,822.9019330394713,-4.404199912989665e-09
3006.000045,823.459141054976,-4.388624642847488e-09
3008.000045,824.0163490704808,-4.373049372705313e-09
3010.000045,824.5735570859856,-4.357474102563136e-09
3012.000045,825.1307651014904,-4.34189883242096e-09
3014.000045,825.6879731169952,-4.326323562278785e-09
3016.000045,826.2451811325,-4.310748292136608e-09
3018.000045,826.8023891480047,-4.2951730219944325e-09
3020.000045,827.3595971635095,-4.279597751852256e-09
3022.000045,827.9168051790143,-4.26402248171008e-09
3024.000045,828.4740131945191,-4.248447211567905e-09
3026.000045,829.0312212100239,-4.232871941425729e-09
3028.000045,829.5884292255287,-4.2172966712835525e-09
3030.000045,830.1456372410335,-4.201721401141376e-09
3032.000045,830.7028452565382,-4.1861461309992e-09
3034.000045,831.260053272043,-4.1705708608570246e-09
3036.000045,831.8172612875478,-4.154995590714849e-09
3038.000045,832.3744693030526,-4.139420320572672e-09
3040.000045,832.9316773185573,-4.123845050430497e-09
3042.000045,833.4888853340622,-4.10826978028832e-09
3044.000045,834.0460933495668,-4.092694510146145e-09
3046.000045,834.6033013650717,-4.077119240003969e-09
3048.000045,835.1605093805765,-4.061543969861792e-09
3050.000045,835.7177173960812,-4.045968699719617e-09
3052.000045,836.2749254115861,-4.03039342957744e-09
3054.000046,836.8321337056949,-4.014818151647627e-09
3056.000046,837.3893417211997,-3.999242881505451e-09
3058.000046,837.9465497367045,-3.983667611363276e-09
3060.000046,838.5037577522093,-3.968092341221099e-09
3062.000046,839.060965767714,-3.952517071078923e-09
3064.000046,839.6181737832188,-3.936941800936747e-09
3066.000046,840.1753817987236,-3.921366530794571e-09
3068.000046,840.7325898142284,-3.9057912606523955e-09
3070.000046,841.2897978297332,-3.890215990510219e-09
3072.000046,841.847005845238,-3.874640720368043e-09
3074.000046,842.4042138607427,-3.859065450225868e-09
3076.000046,842.9614218762475,-3.843490180083691e-09
3078.000046,843.5186298917523,-3.8279149099415155e-09
3080.000046,844.0758379072571,-3.812339639799339e-09
3082.000046,844.6330459227619,-3.796764369657163e-09
3084.000046,845.1902539382667,-3.7811890995149876e-09
3086.000046,845.7474619537714,-3.765613829372811e-09
3088.000046,846.3046699692762,-3.750038559230635e-09
3090.000046,846.861877984781,-3.73446328908846e-09
3092.000046,847.4190860002858,-3.718888018946284e-09
3094.000046,847.9762940157906,-3.7033127488041075e-09
3096.000046,848.5335020312954,-3.6877374786619314e-09
3098.000046,849.0907100468002,-3.6721622085197553e-09
3100.000046,849.6479180623049,-3.6565869383775796e-09
3102.000046,850.2051260778097,-3.6410116682354035e-09
3104.000046,850.7623340933145,-3.6254363980932274e-09
3106.000046,851.3195421088193,-3.6098611279510518e-09
3108.000046,851.876750124324,-3.5942858578088757e-09
3110.000046,852.4339581398289,-3.5787105876666996e-09
3112.000046,852.9911661553336,-3.5631353175245235e-09
3114.000046,853.5483741708384,-3.5475600473823478e-09
3116.000046,854.1055821863432,-3.5319847772401717e-09
3118.000046,854.662790201848,-3.5164095070979956e-09
3120.000046,855.2199982173528,-3.50083423695582e-09
3122.000047,855.7772065114615,-3.4852589590260097e-09
3124.000047,856.3344145269663,-3.4696836888838336e-09
3126.000047,856.891622542471,-3.4541084187416575e-09
3128.000047,857.4488305579758,-3.4385331485994818e-09
3130.000047,858.0060385734806,-3.4229578784573057e-09
3132.000047,858.5632465889854,-3.4073826083151296e-09
3134.000047,859.1204546044902,-3.3918073381729535e-09
3136.000047,859.677662619995,-3.3762320680307774e-09
3138.000047,860.2348706354998,-3.3606567978886017e-09
3140.000047,860.7920786510045,-3.3450815277464256e-09
3142.000047,861.3492866665093,-3.32950625760425e-09
3144.000047,861.9064946820141,-3.313930987462074e-09
3146.000047,862.4637026975189,-3.298355717319898e-09
3148.000047,863.0209107130237,-3.2827804471777216e-09
3150.000047,863.5781187285285,-3.2672051770355455e-09
3152.000047,864.1353267440333,-3.25162990689337e-09
3154.000047,864.692534759538,-3.2360546367511938e-09
3156.000047,865.2497427750428,-3.220479366609018e-09
3158.000047,865.8069507905476,-3.204904096466842e-09
3160.000047,866.3641588060524,-3.189328826324666e-09
3162.000047,866.9213668215572,-3.17375355618249e-09
3164.000047,867.478574837062,-3.1581782860403137e-09
3166.000047,868.0357828525667,-3.142603015898138e-09
3168.000047,868.5929908680715,-3.127027745755962e-09
3170.000047,869.1501988835763,-3.1114524756137862e-09
3172.000047,869.7074068990811,-3.09587720547161e-09
3174.000047,870.2646149145859,-3.080301935329434e-09
3176.000047,870.8218229300907,-3.0647266651872583e-09
3178.000047,871.3790309455954,-3.049151395045082e-09
3180.000047,871.9362389611002,-3.033576124902906e-09
3182.000047,872.493446976605,-3.01800085476073e-09
3184.000047,873.0506549921098,-3.002425584618554e-09
3186.000047,873.6078630076146,-2.9868503144763783e-09
3188.000048,874.1650713017233,-2.971275036546568e-09
3190.000048,874.7222793172281,-2.955699766404392e-09
3192.000048,875.2794873327329,-2.940124496262216e-09
3194.000048,875.8366953482376,-2.92454922612004e-09
3196.000048,876.3939033637424,-2.908973955977864e-09
3198.000048,876.9511113792472,-2.8933986858356884e-09
3200.000048,877.508319394752,-2.8778234156935123e-09
3202.000048,878.0655274102568,-2.8622481455513358e-09
3204.000048,878.6227354257616,-2.84667287540916e-09
3206.000048,879.1799434412663,-2.831097605266984e-09
3208.000048,879.7371514567711,-2.8155223351248083e-09
3210.000048,880.2943594722759,-2.799947064982632e-09
3212.000048,880.8515674877807,-2.7843717948404565e-09
3214.000048,881.4087755032855,-2.7687965246982804e-09
3216.000048,881.9659835187903,-2.7532212545561043e-09
3218.000048,882.523191534295,-2.7376459844139282e-09
3220.000048,883.0803995497998,-2.722070714271752e-09
3222.000048,883.6376075653046,-2.7064954441295764e-09
3224.000048,884.1948155808094,-2.6909201739874003e-09
3226.000048,884.7520235963142,-2.6753449038452242e-09
3228.000048,885.309231611819,-2.6597696337030486e-09
3230.000048,885.8664396273238,-2.6441943635608725e-09
3232.000048,886.4236476428285,-2.6286190934186964e-09
3234.000048,886.9808556583333,-2.6130438232765203e-09
3236.000048,887.5380636738381,-2.5974685531343446e-09
3238.000048,888.0952716893429,-2.5818932829921685e-09
3240.000048,888.6524797048477,-2.5663180128499924e-09
3242.000048,889.2096877203525,-2.5507427427078167e-09
3244.000048,889.7668957358572,-2.5351674725656406e-09
3246.000048,890.324103751362,-2.519592202423465e-09
3248.000048,890.8813117668668,-2.5040169322812884e-09
3250.000048,891.4385197823716,-2.4884416621391123e-09
3252.000048,891.9957277978764,-2.4728663919969366e-09
3254.000048,892.5529358133812,-2.4572911218547605e-09
3256.0000489999998,893.11014410749,-2.4417158439249503e-09
3258.0000489999998,893.6673521229947,-2.426140573782774e-09
3260.0000489999998,894.2245601384994,-2.4105653036405985e-09
3262.0000489999998,894.7817681540042,-2.3949900334984224e-09
3264.0000489999998,895.338976169509,-2.3794147633562467e-09
3266.0000489999998,895.8961841850138,-2.3638394932140706e-09
3268.0000489999998,896.4533922005186,-2.348264223071895e-09
3270.0000489999998,897.0106002160234,-2.332688952929719e-09
3272.0000489999998,897.5678082315281,-2.3171136827875423e-09
3274.0000489999998,898.1250162470329,-2.3015384126453667e-09
3276.0000489999998,898.6822242625377,-2.2859631425031906e-09
3278.0000489999998,899.2394322780425,-2.270387872361015e-09
3280.0000489999998,899.7966402935473,-2.2548126022188388e-09
3282.0000489999998,900.3538483090521,-2.2392373320766627e-09
3284.0000489999998,900.9110563245569,-2.223662061934487e-09
3286.0000489999998,901.4682643400616,-2.2080867917923105e-09
3288.0000489999998,902.0254723555664,-2.192511521650135e-09
3290.0000489999998,902.5826803710712,-2.1769362515079587e-09
3292.0000489999998,903.139888386576,-2.161360981365783e-09
3294.0000489999998,903.6970964020808,-2.145785711223607e-09
3296.0000489999998,904.2543044175856,-2.130210441081431e-09
3298.0000489999998,904.8115124330903,-2.114635170939255e-09
3300.0000489999998,905.3687204485951,-2.099059900797079e-09
3302.0000489999998,905.9259284640999,-2.083484630654903e-09
3304.0000489999998,906.4831364796047,-2.067909360512727e-09
3306.0000489999998,907.0403444951095,-2.0523340903705508e-09
3308.0000489999998,907.5975525106143,-2.036758820228375e-09
3310.0000489999998,908.154760526119,-2.021183550086199e-09
3312.0000489999998,908.7119685416238,-2.0056082799440233e-09
3314.0000489999998,909.2691765571286,-1.990033009801847e-09
3316.0000489999998,909.8263845726334,-1.974457739659671e-09
3318.0000489999998,910.3835925881382,-1.958882469517495e-09
3320.0000489999998,910.940800603643,-1.943307199375319e-09
3322.00005,911.4980088977519,-1.9277319214455054e-09
3324.00005,912.0552169132567,-1.9121566513033293e-09
3326.00005,912.6124249287615,-1.8965813811611536e-09
3328.00005,913.1696329442663,-1.8810061110189775e-09
3330.00005,913.726840959771,-1.8654308408768014e-09
3332.00005,914.2840489752758,-1.8498555707346253e-09
3334.00005,914.8412569907806,-1.8342803005924496e-09
3336.00005,915.3984650062854,-1.8187050304502737e-09
3338.00005,915.9556730217902,-1.8031297603080974e-09
3340.00005,916.512881037295,-1.7875544901659215e-09
3342.00005,917.0700890527997,-1.7719792200237456e-09
3344.00005,917.6272970683044,-1.7564039498815697e-09
3346.00005,918.1845050838093,-1.7408286797393936e-09
3348.00005,918.7417130993141,-1.7252534095972177e-09
3350.00005,919.2989211148188,-1.7096781394550416e-09
3352.00005,919.8561291303236,-1.6941028693128658e-09
3354.00005,920.4133371458285,-1.6785275991706897e-09
3356.00005,920.9705451613331,-1.6629523290285138e-09
3358.00005,921.5277531768379,-1.6473770588863379e-09
3360.00005,922.0849611923427,-1.631801788744162e-09
3362.00005,922.6421692078475,-1.6162265186019857e-09
3364.00005,923.1993772233523,-1.6006512484598098e-09
3366.00005,923.756585238857,-1.585075978317634e-09
3368.00005,924.3137932543618,-1.569500708175458e-09
3370.00005,924.8710012698666,-1.553925438033282e-09
3372.00005,925.4282092853714,-1.538350167891106e-09
3374.00005,925.9854173008762,-1.52277489774893e-09
3376.00005,926.542625316381,-1.5071996276067538e-09
3378.00005,927.0998333318857,-1.491624357464578e-09
3380.00005,927.6570413473905,-1.476049087322402e-09
3382.00005,928.2142493628953,-1.4604738171802262e-09
3384.00005,928.7714573784001,-1.4448985470380499e-09
3386.00005,929.3286653939049,-1.429323276895874e-09
3388.00005,929.8858734094097,-1.413748006753698e-09
3390.000051,930.4430817035185,-1.398172728823888e-09
3392.000051,931.0002897190233,-1.382597458681712e-09
3394.000051,931.557497734528,-1.3670221885395358e-09
3396.000051,932.1147057500328,-1.35144691839736e-09
3398.000051,932.6719137655376,-1.335871648255184e-09
3400.000051,933.2291217810424,-1.320296378113008e-09
3402.000051,933.7863297965472,-1.304721107970832e-09
3404.000051,934.343537812052,-1.2891458378286562e-09
3406.000051,934.9007458275568,-1.27357056768648e-09
3408.000051,935.4579538430615,-1.257995297544304e-09
3410.000051,936.0151618585663,-1.242420027402128e-09
3412.000051,936.5723698740711,-1.2268447572599522e-09
3414.000051,937.1295778895759,-1.2112694871177763e-09
3416.000051,937.6867859050807,-1.1956942169756e-09
3418.000051,938.2439939205855,-1.1801189468334241e-09
3420.000051,938.8012019360903,-1.1645436766912482e-09
3422.000051,939.358409951595,-1.1489684065490723e-09
3424.000051,939.9156179670998,-1.1333931364068962e-09
3426.000051,940.4728259826046,-1.1178178662647204e-09
3428.000051,941.0300339981094,-1.1022425961225443e-09
3430.000051,941.5872420136142,-1.0866673259803682e-09
3432.000051,942.144450029119,-1.0710920558381923e-09
3434.000051,942.7016580446237,-1.0555167856960164e-09
3436.000051,943.2588660601285,-1.0399415155538405e-09
3438.000051,943.8160740756333,-1.0243662454116644e-09
3440.000051,944.3732820911381,-1.0087909752694883e-09
3442.000051,944.9304901066429,-9.932157051273124e-10
3444.000051,945.4876981221477,-9.776404349851365e-10
3446.000051,946.0449061376524,-9.620651648429604e-10
3448.000051,946.6021141531572,-9.464898947007845e-10
3450.000051,947.1593221686619,-9.309146245586086e-10
3452.000051,947.7165301841667,-9.153393544164325e-10
3454.000051,948.2737381996715,-8.997640842742567e-10
3456.000051,948.8309462151763,-8.841888141320806e-10
3458.0000520000003,949.3881545092852,-8.686135362022669e-10
3460.0000520000003,949.94536252479,-8.530382660600909e-10
3462.0000520000003,950.5025705402948,-8.374629959179149e-10
3464.0000520000003,951.0597785557995,-8.21887725775739e-10
3466.0000520000003,951.6169865713043,-8.063124556335629e-10
3468.0000520000003,952.1741945868091,-7.90737185491387e-10
3470.0000520000003,952.7314026023139,-7.75161915349211e-10
3472.0000520000003,953.2886106178187,-7.59586645207035e-10
3474.0000520000003,953.8458186333235,-7.44011375064859e-10
3476.0000520000003,954.4030266488282,-7.284361049226832e-10
3478.0000520000003,954.960234664333,-7.128608347805071e-10
3480.0000520000003,955.5174426798378,-6.972855646383311e-10
3482.0000520000003,956.0746506953426,-6.817102944961551e-10
3484.0000520000003,956.6318587108474,-6.661350243539791e-10
3486.0000520000003,957.1890667263522,-6.505597542118032e-10
3488.0000520000003,957.746274741857,-6.349844840696271e-10
3490.0000520000003,958.3034827573617,-6.194092139274512e-10
3492.0000520000003,958.8606907728665,-6.038339437852752e-10
3494.0000520000003,959.4178987883713,-5.882586736430992e-10
3496.0000520000003,959.9751068038761,-5.726834035009232e-10
3498.0000520000003,960.5323148193809,-5.571081333587473e-10
3500.0000520000003,961.0895228348857,-5.415328632165712e-10
3502.0000520000003,961.6467308503904,-5.259575930743953e-10
3504.0000520000003,962.2039388658952,-5.103823229322193e-10
3506.0000520000003,962.7611468814,-4.948070527900434e-10
3508.0000520000003,963.3183548969048,-4.792317826478674e-10
3510.0000520000003,963.8755629124096,-4.6365651250569137e-10
3512.0000520000003,964.4327709279144,-4.480812423635154e-10
3514.0000520000003,964.9899789434191,-4.325059722213394e-10
3516.0000520000003,965.5471869589239,-4.1693070207916344e-10
3518.0000520000003,966.1043949744287,-4.0135543193698745e-10
3520.0000520000003,966.6616029899335,-3.8578016179481145e-10
3522.0000520000003,967.2188110054383,-3.702048916526355e-10
3524.000053,967.776019299547,-3.5462961372282536e-10
3526.000053,968.3332273150518,-3.3905434358064937e-10
3528.000053,968.8904353305566,-3.234790734384734e-10
3530.000053,969.4476433460613,-3.079038032962974e-10
3532.000053,970.0048513615661,-2.9232853315412144e-10
3534.000053,970.5620593770709,-2.7675326301194545e-10
3536.000053,971.1192673925757,-2.6117799286976945e-10
3538.000053,971.6764754080805,-2.456027227275935e-10
3540.000053,972.2336834235853,-2.3002745258541752e-10
3542.000053,972.79089143909,-2.1445218244324153e-10
3544.000053,973.3480994545948,-1.9887691230106553e-10
3546.000053,973.9053074700996,-1.8330164215888956e-10
3548.000053,974.4625154856044,-1.6772637201671357e-10
3550.000053,975.0197235011092,-1.521511018745376e-10
3552.000053,975.576931516614,-1.365758317323616e-10
3554.000053,976.1341395321188,-1.2100056159018564e-10
3556.000053,976.6913475476235,-1.0542529144800967e-10
3558.000053,977.2485555631283,-8.985002130583368e-11
3560.000053,977.8057635786331,-7.42747511636577e-11
3562.000053,978.3629715941379,-5.869948102148172e-11
3564.000053,978.9201796096427,-4.312421087930574e-11
3566.000053,979.4773876251475,-2.7548940737129757e-11
3568.000053,980.0345956406522,-1.1973670594953776e-11
3570.000053,980.591803656157,3.6015995472222048e-12
3572.000053,981.1490116716618,1.9176869689398186e-11
3574.000053,981.7062196871666,3.4752139831574166e-11
