resin,protein,tis_M,kprime,ln(kprime),ln(tis_mM)
Express-Ion Q,anti-FVII mAb,0.12528816277438107,3.5945,1.2794048994417893,4.8306163863649765
Express-Ion Q,anti-FVII mAb,0.13612665223724152,1.0989,0.09430967947074131,4.913585718826784
Express-Ion Q,anti-FVII mAb,0.1513454611496201,0.30333,-1.1929339572107196,5.019565045917418
Express-Ion Q,anti-FVII mAb,0.16580723251148213,0.038518,-3.256629614480117,5.1108258636525745
Fractogel EMD TMAE 650s,anti-FVII mAb,0.1351753223931439,11.52,2.444084655267745,4.906572620270913
Fractogel EMD TMAE 650s,anti-FVII mAb,0.1450705042650728,4.8836,1.5858826528125634,4.977219860556852
Fractogel EMD TMAE 650s,anti-FVII mAb,0.15467664846638104,2.756,1.013780353151412,5.041336798973844
Fractogel EMD TMAE 650s,anti-FVII mAb,0.16592002654720425,1.3758,0.31903538010977667,5.11150590448123
Fractogel EMD TMAE 650s,anti-FVII mAb,0.17482517482517484,0.9143,-0.08959653381175617,5.163786473590431
Fractogel EMD TMAE 650s,anti-FVII mAb,0.1951638400437167,0.42931,-0.8455760102889314,5.2738394111412115
Macro-Prep 25Q,anti-FVII mAb,0.19343482213668106,8.479,2.137592518321866,5.264940619224739
Macro-Prep 25Q,anti-FVII mAb,0.213656952397231,3.1154,1.1363575549103684,5.364371702619471
Macro-Prep 25Q,anti-FVII mAb,0.23447758394297505,1.493,0.4007875185570534,5.457359992455723
Macro-Prep 25Q,anti-FVII mAb,0.2542459066409031,0.8958,-0.11003810520893731,5.538301935058273
Macro-Prep 25Q,anti-FVII mAb,0.27402515550927575,0.6076,-0.4982385082605192,5.6132199106019485
Poros QE/M,anti-FVII mAb,0.3194071802734126,3.9811,1.38155816301945,5.766466716033591
Poros QE/M,anti-FVII mAb,0.34037918240920384,2.7002,0.9933258443410088,5.830060238569415
Poros QE/M,anti-FVII mAb,0.3626341746446185,1.9875,0.68687756754635,5.893394542761619
Poros QE/M,anti-FVII mAb,0.3796218965909954,1.7226,0.5438347773729362,5.939175748399328
Poros QE/M,anti-FVII mAb,0.39508514084785273,1.6202,0.4825495984142539,5.979101288124584
Poros QE/M,anti-FVII mAb,0.3997441637352095,1.4332,0.3599097064486617,5.990824751820643
Poros QE/M,anti-FVII mAb,0.418532624618089,1.1925,0.17605194378035913,6.036754842967789
Q HyperD 20,anti-FVII mAb,0.14959086897335788,15.024,2.709648922465907,5.007904027403242
Q HyperD 20,anti-FVII mAb,0.17407955435634084,3.8217,1.3406953498017138,5.159512403670854
Q HyperD 20,anti-FVII mAb,0.18366822172427724,1.6202,0.4825495984142539,5.213130987187314
Q HyperD 20,anti-FVII mAb,0.19364458472918802,0.8777,-0.1304504293840651,5.2660244413517745
Q HyperD 20,anti-FVII mAb,0.20422750944552232,0.42931,-0.8455760102889314,5.319234614803425
Q HyperD 20,anti-FVII mAb,0.21556834594408159,0.15774,-1.8468071710122922,5.37327800981478
Q HyperD 20,anti-FVII mAb,0.22416498542927593,0.028936,-3.5426687843323403,5.4123823228360095
Q Sepharose FF,anti-FVII mAb,0.19455631432518142,8.139,2.096667322344904,5.270721654957238
Q Sepharose FF,anti-FVII mAb,0.2027246188777165,5.087,1.6266882658406279,5.311848500832388
Q Sepharose FF,anti-FVII mAb,0.21380313007782434,2.4883,0.9115997463860316,5.36505563869811
Q Sepharose FF,anti-FVII mAb,0.22408461435037869,1.4628,0.38035240729308917,5.4120237231638715
Q Sepharose FF,anti-FVII mAb,0.23350301218885722,0.8958,-0.11003810520893731,5.453194977192157
Q Sepharose FF,anti-FVII mAb,0.24335044898157837,0.5266,-0.6413140319199281,5.494502581281165
Q Zirconia,anti-FVII mAb,0.1246711797633741,18.811,2.9344418051108834,4.825679709401658
Q Zirconia,anti-FVII mAb,0.13545546901456146,5.751,1.749373752731617,4.908642944346196
Q Zirconia,anti-FVII mAb,0.1495640208791373,2.3887,0.870749284903777,5.007724534470294
Q Zirconia,anti-FVII mAb,0.1559478510386127,1.1925,0.17605194378035913,5.049521663148756
Q Zirconia,anti-FVII mAb,0.17527254881340484,0.38761,-0.9477555995047332,5.166342184190821
Q Zirconia,anti-FVII mAb,0.2018000565040158,0.07875,-2.5414770012763945,5.307277387919548
Source 30Q,anti-FVII mAb,0.14464662828709463,13.022,2.5666402348146704,4.974293721693818
Source 30Q,anti-FVII mAb,0.15522647542764895,5.635,1.7289971474917396,5.044885182296129
Source 30Q,anti-FVII mAb,0.16553550736633008,2.9907,1.0955074737146309,5.109185717825532
Source 30Q,anti-FVII mAb,0.17444091686145904,1.9079,0.646003160751128,5.161586098988379
Source 30Q,anti-FVII mAb,0.1848838929152492,1.1925,0.17605194378035913,5.219728022187806
Source 30Q,anti-FVII mAb,0.20056157240272765,0.6201,-0.4778745236263048,5.301121293880771
Source 30Q,anti-FVII mAb,0.22374367924106142,0.36457,-1.009036702075745,5.410501107553988
TSK-Gel Q-5PW-HR,anti-FVII mAb,0.09543077451616598,23.075,3.138749780388916,4.558401110462097
TSK-Gel Q-5PW-HR,anti-FVII mAb,0.10542184551482758,8.139,2.096667322344904,4.6579698775802925
TSK-Gel Q-5PW-HR,anti-FVII mAb,0.11579166763159722,2.9302,1.0750706800850756,4.751792607727891
TSK-Gel Q-5PW-HR,anti-FVII mAb,0.1263711267249659,1.348,0.29862201249011533,4.839223027810338
TSK-Gel Q-5PW-HR,anti-FVII mAb,0.1363605372605168,0.6201,-0.4778745236263048,4.915302387277464
TSK-Gel Q-5PW-HR,anti-FVII mAb,0.1462693989790396,0.30959,-1.172506437529815,4.985450119907439
TSK-Gel Q-5PW-HR,anti-FVII mAb,0.15684306283133098,0.17471,-1.7446278224957839,5.055245705614805
Express-Ion Q,aprotinin,0.055884654073991284,5.769,1.7524987552747524,4.023289817856733
Express-Ion Q,aprotinin,0.08078588509015705,0.7897,-0.2361021524786018,4.391802260788811
Express-Ion Q,aprotinin,0.1060816616631483,0.32157,-1.1345400296105992,4.664209190560234
Express-Ion Q,aprotinin,0.13085237235351077,0.12283,-2.0969539934311343,4.8740697591405056
Express-Ion Q,aprotinin,0.18085471940390285,0.05675,-2.869099622620625,5.197694053738587
Fractogel EMD TMAE 650s,aprotinin,0.051077740320768214,51.18,3.935348830731643,3.9333487921428985
Fractogel EMD TMAE 650s,aprotinin,0.055906524291384804,14.716,2.688935337242528,4.023681086971028
Fractogel EMD TMAE 650s,aprotinin,0.060840573361563365,3.1945,1.161430581060261,4.108256891435499
Fractogel EMD TMAE 650s,aprotinin,0.0712890485763577,0.763,-0.27049724769768,4.266742719218594
Fractogel EMD TMAE 650s,aprotinin,0.08077674922050437,0.6151,-0.4859704227678145,4.391689166945035
Macro-Prep 25Q,aprotinin,0.05144297546170071,1198.1,7.088492247645854,3.940473921602161
Macro-Prep 25Q,aprotinin,0.07098189251921834,14.351,2.6638196261887948,4.262424809573788
Macro-Prep 25Q,aprotinin,0.09156922175318431,1.3468,0.29773140830478234,4.517095208155757
Macro-Prep 25Q,aprotinin,0.11041793187213604,0.5825,-0.5404260935422814,4.7042725470313025
Macro-Prep 25Q,aprotinin,0.1316621023804508,0.3442,-1.066532395204698,4.880238810167221
Macro-Prep 25Q,aprotinin,0.15087962823259604,0.23746,-1.4377560907444908,5.016482354888183
Poros QE/M,aprotinin,0.0713363437270386,3.2075,1.1654918175076545,4.267405927244186
Poros QE/M,aprotinin,0.09052231375033945,1.0166,0.01646372603066503,4.505596381091999
Poros QE/M,aprotinin,0.11103955228852516,0.4984,-0.6963523115088937,4.7098864647666225
Poros QE/M,aprotinin,0.13090890049614473,0.31335,-1.1604345023114526,4.874501665227279
Q HyperD 20,aprotinin,0.04114041222693052,22.606,3.1182153577685394,3.7169909042750118
Q HyperD 20,aprotinin,0.05101260011222772,3.385,1.2193539063642382,3.93207266323385
Q HyperD 20,aprotinin,0.0604536441456691,0.7138,-0.3371524679260771,4.101876858877714
Q HyperD 20,aprotinin,0.0708446094336682,0.22578,-1.488194205148736,4.260488879031387
Q Sepharose FF,aprotinin,0.05099439061703213,1.5511,0.43896435664856803,3.9317156387738823
Q Sepharose FF,aprotinin,0.07087021537458452,0.4928,-0.707651866762827,4.260850251826782
Q Sepharose FF,aprotinin,0.0807187194782342,0.13324,-2.015603265656658,4.390970512171186
Q Sepharose FF,aprotinin,0.09091157031555405,0.05078,-2.9802527027056045,4.509887279282947
Q Zirconia,aprotinin,0.040854679903582956,1.449,0.3708736633385454,3.7100213778673643
Q Zirconia,aprotinin,0.050686806224339805,0.7331,-0.3104731607525962,3.9256656444693045
Q Zirconia,aprotinin,0.060439394397268136,0.4332,-0.8365557638553016,4.101641117454738
Q Zirconia,aprotinin,0.07045031843543934,0.28089,-1.2697921453632297,4.254907758354904
Q Zirconia,aprotinin,0.08119123784161214,0.18209,-1.703254208638385,4.396807332990576
Q Zirconia,aprotinin,0.09043717329571148,0.13363,-2.0126804921891677,4.504655391898228
Q Zirconia,aprotinin,0.1013078847926734,0.09214,-2.384446119474366,4.618164244283549
Source 30Q,aprotinin,0.05065599513702447,0.18563,-1.6839998337610054,3.9250575876986065
Source 30Q,aprotinin,0.06075112693340462,0.13648,-1.9915771952387682,4.106785632392711
Source 30Q,aprotinin,0.07081601291684075,0.0942,-2.3623350973998196,4.260085146268656
Source 30Q,aprotinin,0.08024265378504598,0.08085,-2.515159692959021,4.385055216200571
Source 30Q,aprotinin,0.11083771142293454,0.010066,-4.598591870627969,4.708067072207945
TSK-Gel Q-5PW-HR,aprotinin,0.06080616817769995,0.9455,-0.05604139088362486,4.107691234117506
TSK-Gel Q-5PW-HR,aprotinin,0.07087875480203565,0.6326,-0.4579169681105885,4.2609707384511415
TSK-Gel Q-5PW-HR,aprotinin,0.08122619057288832,0.4645,-0.7667937207282438,4.397237739162586
TSK-Gel Q-5PW-HR,aprotinin,0.09152731632755795,0.496,-0.7011793522572096,4.51663746682654
TSK-Gel Q-5PW-HR,aprotinin,0.10667576966567814,0.25848,-1.3529369574658943,4.669794044100092
TSK-Gel Q-5PW-HR,aprotinin,0.12156428927438274,0.21504,-1.5369312216473523,4.800443252671087
Express-Ion Q,lipolase,0.12469605336991083,13.217,2.5815038797756698,4.825879203186841
Express-Ion Q,lipolase,0.1508250128201261,3.536,1.262996144775397,5.016120309326829
Express-Ion Q,lipolase,0.17623319175933597,1.1825,0.16763084138395107,5.171808071240284
Express-Ion Q,lipolase,0.2000040000800016,0.5582,-0.5830379578799152,5.298337366748039
Express-Ion Q,lipolase,0.2259223279036667,0.16871,-1.7795740143642536,5.4201912583579634
Express-Ion Q,lipolase,0.2519653295706511,0.09559,-2.347687066906466,5.529291496977435
Fractogel EMD TMAE 650s,lipolase,0.11544011544011544,4.7031,1.548221865760458,4.748751914466116
Fractogel EMD TMAE 650s,lipolase,0.12584631647831668,2.7753,1.0207588494632456,4.835061452009683
Fractogel EMD TMAE 650s,lipolase,0.13560425254935995,1.8496,0.6149693994959212,4.909740735998031
Fractogel EMD TMAE 650s,lipolase,0.15561053794562968,0.986,-0.014098924379501648,5.047356334037394
Fractogel EMD TMAE 650s,lipolase,0.17545090883570777,0.6841,-0.37965117321518466,5.16735928204264
Fractogel EMD TMAE 650s,lipolase,0.19552253397204028,0.5471,-0.6031236779123568,5.275675636067212
Fractogel EMD TMAE 650s,lipolase,0.21422450728363324,0.42873,-0.846927928820324,5.367024564557828
Macro-Prep 25Q,lipolase,0.17365934981939427,5.299,1.6675181235106251,5.157095620639508
Macro-Prep 25Q,lipolase,0.19477989871445264,3.0024,1.099411968838674,5.271870196533189
Macro-Prep 25Q,lipolase,0.2135839384878257,1.6337,0.49084738105032577,5.364029909913418
Macro-Prep 25Q,lipolase,0.23414268655318551,1.0039,0.0038924147153438535,5.455930701117353
Macro-Prep 25Q,lipolase,0.25374914359664036,0.6556,-0.4222044321124625,5.536346155361692
Macro-Prep 25Q,lipolase,0.27341079972658916,0.44587,-0.8077278492712003,5.610975425069995
Poros QE/M,lipolase,0.27206442485580584,4.0618,1.4016262251168723,5.606038894337544
Poros QE/M,lipolase,0.29648956356736245,2.7622,1.0160274636616913,5.692012019057286
Poros QE/M,lipolase,0.32306002455256183,2.0371,0.7115272278413749,5.777838140485615
Poros QE/M,lipolase,0.34409194136673316,1.5333,0.4274222754602066,5.840908893077678
Poros QE/M,lipolase,0.37065866043960116,1.1776,0.16347846899247473,5.915281586375695
Poros QE/M,lipolase,0.3969671708149736,0.9419,-0.05985616715336565,5.9838535841066465
Poros QE/M,lipolase,0.4203446826397646,0.7689,-0.2627943569440019,6.041075047661316
Q HyperD 20,lipolase,0.14395324398635323,6.114,1.8105812234686427,4.969488552312102
Q HyperD 20,lipolase,0.1490623975196017,4.2439,1.4454826577974125,5.004364993582897
Q HyperD 20,lipolase,0.15343541903212937,3.327,1.2020709970363397,5.03327975558081
Q HyperD 20,lipolase,0.16537946317826252,1.9634,0.674677664276284,5.108242610299289
Q HyperD 20,lipolase,0.18464492780383324,0.6839,-0.3799435708780868,5.218434671675865
Q Sepharose FF,lipolase,0.14571524327159863,4.2444,1.4456004670172982,4.981654328673167
Q Sepharose FF,lipolase,0.15705243980965244,2.556,0.9384435365152884,5.056579761105325
Q Sepharose FF,lipolase,0.16653898677680445,1.0907,0.08681969195256017,5.115229436826181
Q Sepharose FF,lipolase,0.17549709552306908,0.6058,-0.5012053803890001,5.16762249304287
Q Sepharose FF,lipolase,0.19756598703967124,0.06645,-2.711305493822883,5.286072640131599
Q Zirconia,lipolase,0.13523016173527344,6.369,1.8514424713892288,4.9069782284859835
Q Zirconia,lipolase,0.14572161342970388,4.1592,1.425322748087369,4.981698044201658
Q Zirconia,lipolase,0.15531326685925512,2.3098,0.83716094069885,5.045444153803137
Q Zirconia,lipolase,0.16543965588551576,1.6695,0.5125241804015721,5.108606511322227
Q Zirconia,lipolase,0.18561140396465958,0.8376,-0.17721461942580993,5.223655262239614
Source 30Q,lipolase,0.11519808310389715,11.949,2.480647592867617,4.746653108400234
Source 30Q,lipolase,0.12494689756853339,5.418,1.6897267436629033,4.827888827589221
Source 30Q,lipolase,0.13620266957232363,3.2624,1.1824631208380536,4.914143993907494
Source 30Q,lipolase,0.14936073604970726,1.7395,0.5535977156098597,5.00636442724561
Source 30Q,lipolase,0.15635505104992417,1.4788,0.3912309480803397,5.052129389425668
Source 30Q,lipolase,0.17535553334385467,0.8725,-0.13639262490555476,5.1668155320840565
TSK-Gel Q-5PW-HR,lipolase,0.11616020815909302,3.6875,1.3049487216659381,4.754970343078091
TSK-Gel Q-5PW-HR,lipolase,0.13649454704284564,1.2584,0.229841072761931,4.916284665422994
TSK-Gel Q-5PW-HR,lipolase,0.15578750584203147,0.594,-0.5208759596194922,5.0484929366524955
TSK-Gel Q-5PW-HR,lipolase,0.17472742521666199,0.34343,-1.0687719726572267,5.163227189459521
TSK-Gel Q-5PW-HR,lipolase,0.20052135552436334,0.1758,-1.7384082937310603,5.300920752418151
Express-Ion Q,myoglobin,0.05486366379546826,0.7856,-0.24130752194188096,4.00485126773934
Express-Ion Q,myoglobin,0.08002752947013773,0.27072,-1.3066702025642785,4.382370693855455
Express-Ion Q,myoglobin,0.10471642791321102,0.12428,-2.0852181944572905,4.651256010183445
Express-Ion Q,myoglobin,0.12875481221110638,0.05046,-2.9865743357692254,4.857909915242308
Fractogel EMD TMAE 650s,myoglobin,0.02991951650061335,4.3024,1.459173006532463,3.398510993236848
Fractogel EMD TMAE 650s,myoglobin,0.03493083694285315,2.3269,0.8445369096107647,3.553370019105786
Fractogel EMD TMAE 650s,myoglobin,0.039858105145681375,1.3383,0.29140015182019174,3.6853257759146385
Fractogel EMD TMAE 650s,myoglobin,0.04495392222971454,0.8884,-0.1183331869618647,3.8056380147241318
Fractogel EMD TMAE 650s,myoglobin,0.04982561036372696,0.6806,-0.3847805169153317,3.90852911617389
Fractogel EMD TMAE 650s,myoglobin,0.0549178977428744,0.5006,-0.6919478999844632,4.005839301632431
Macro-Prep 25Q,myoglobin,0.030050785828049403,7.794,2.0533542069165174,3.402888811323134
Macro-Prep 25Q,myoglobin,0.034905232294320916,3.2295,1.1723273264903904,3.5526367404445094
Macro-Prep 25Q,myoglobin,0.03984539984858748,1.5446,0.4347649771530264,3.6850069619000623
Macro-Prep 25Q,myoglobin,0.04496605063177301,0.7856,-0.24130752194188096,3.8059077746394445
Macro-Prep 25Q,myoglobin,0.049571209041788536,0.5323,-0.6305480388034254,3.9034102023299235
Macro-Prep 25Q,myoglobin,0.05496015388843089,0.35334,-1.0403245127976026,4.006608447918014
Macro-Prep 25Q,myoglobin,0.05996318260587999,0.1557,-1.8598242001421843,4.093730750642978
Poros QE/M,myoglobin,0.03002011347602894,0.9642,-0.03645653701061521,3.40186760621246
Poros QE/M,myoglobin,0.034804399276068494,0.9255,-0.07742114696858486,3.549743794769582
Poros QE/M,myoglobin,0.04013646397752358,0.7697,-0.26175445044186524,3.692285247248769
Q HyperD 20,myoglobin,0.04023011626503601,3.4342,1.2337840018975652,3.694615875965873
Q HyperD 20,myoglobin,0.04980079681274901,0.8527,-0.15934749323413314,3.9080309841586085
Q HyperD 20,myoglobin,0.05956280898207159,0.24436,-1.409112731200571,4.087031368927876
Q Sepharose FF,myoglobin,0.030032735681893265,10.172,2.3196388475598733,3.402287976144185
Q Sepharose FF,myoglobin,0.03489427036080675,3.7275,1.3157377676567565,3.552322642687726
Q Sepharose FF,myoglobin,0.04028684231729917,1.8197,0.59867165233706,3.6960249222748076
Q Sepharose FF,myoglobin,0.04468075599839149,1.0682,0.06597498892353292,3.7995428943441447
Q Sepharose FF,myoglobin,0.04981568197668626,0.7388,-0.3027280306570521,3.9083298335905283
Q Zirconia,myoglobin,0.07731799344343415,3.9638,1.3772031611081104,4.347926702676878
Q Zirconia,myoglobin,0.0868455105213336,1.2845,0.25036953756780117,4.464130799023255
Q Zirconia,myoglobin,0.0919971664872722,0.9067,-0.09794364433012667,4.521757777523351
Q Zirconia,myoglobin,0.09636046522832611,0.6144,-0.48710909714867473,4.568096005758325
Q Zirconia,myoglobin,0.10205331265052864,0.48046,-0.733011300655088,4.625495349782691
Q Zirconia,myoglobin,0.10685473099321473,0.38352,-0.9583635082960628,4.671470257745323
Q Zirconia,myoglobin,0.11646595700076867,0.25985,-1.347650737527686,4.757599015717077
Source 30Q,myoglobin,0.029763676409310078,3.5053,1.2542761088351786,3.3932887375941148
Source 30Q,myoglobin,0.04010266281681104,1.1129,0.10696922099724239,3.6914427365171014
Source 30Q,myoglobin,0.05012028869286286,0.6144,-0.48710909714867473,3.9144258900444564
Source 30Q,myoglobin,0.0598254293970195,0.43368,-0.8354483440300543,4.091430811320196
Source 30Q,myoglobin,0.06940733080227933,0.30613,-1.1837454306459672,4.239992493090944
TSK-Gel Q-5PW-HR,myoglobin,0.040052869788120324,1.9351,0.6601590047329646,3.690200326081352
TSK-Gel Q-5PW-HR,myoglobin,0.05008765339343852,0.8354,-0.17984462691906206,3.9137745384669524
TSK-Gel Q-5PW-HR,myoglobin,0.060149652335009504,0.4904,-0.7125338943601354,4.0968356624373925
TSK-Gel Q-5PW-HR,myoglobin,0.070194649763795,0.31894,-1.1427522816623108,4.251272093936362
TSK-Gel Q-5PW-HR,myoglobin,0.07960642583069305,0.22514,-1.491032848055479,4.377094816108372
TSK-Gel Q-5PW-HR,myoglobin,0.08976096654608776,0.16557,-1.7983612128626174,4.497150209832362
Poros 50 HQ,anti-FVII mAb,0.17816737042777986,8.226,2.1072998698082324,5.1827233918047915
Poros 50 HQ,anti-FVII mAb,0.18761726078799248,3.9786,1.38092999862074,5.2344040408043835
Poros 50 HQ,anti-FVII mAb,0.202077355211575,1.8478,0.6139957422545078,5.308650570687828
Poros 50 HQ,anti-FVII mAb,0.2264851765451951,0.6339,-0.4558640656920163,5.422679497064847
Poros 50 HQ,anti-FVII mAb,0.25232772324695313,0.28267,-1.263475139475044,5.530728731683163
Poros 50 HQ,anti-FVII mAb,0.27781636338380333,0.18491,-1.6878860587632423,5.626960332054916
Q Sepharose HP,anti-FVII mAb,0.18615387479290382,17.69,2.872999508171694,5.2265736155353615
Q Sepharose HP,anti-FVII mAb,0.19607074232383043,7.43,2.005525858729668,5.278475524334497
Q Sepharose HP,anti-FVII mAb,0.20639408887329466,4.5769,1.5210219130605296,5.329787394017525
Q Sepharose HP,anti-FVII mAb,0.21726377995524368,2.8196,1.0365950309175835,5.3811121911569515
Q Sepharose HP,anti-FVII mAb,0.22869165504150754,1.8085,0.5924977724100156,5.432374611694479
Q Sepharose XL,anti-FVII mAb,0.17794227552581943,19.185,2.9541287236989158,5.181459202898388
Q Sepharose XL,anti-FVII mAb,0.19833399444664818,6.322,1.844035613793426,5.2899524502164095
Q Sepharose XL,anti-FVII mAb,0.21739603034848584,1.8839,0.6333440961891916,5.381720714853821
Q Sepharose XL,anti-FVII mAb,0.23823704586063135,0.6465,-0.4361820807702249,5.473266169012578
Q Sepharose XL,anti-FVII mAb,0.2580511973575557,0.29423,-1.22339350456554,5.553158004605501
Q Sepharose XL,anti-FVII mAb,0.2778858444950814,0.15422,-1.8693751245773225,5.627210398045856
Q Sepharose XL,anti-FVII mAb,0.2975393495789818,0.08763,-2.4346318739143777,5.695546483731487
Q-Cellthru Bigbeads Plus,anti-FVII mAb,0.07802442164397456,0.09835,-2.319222734147069,4.357021875684316
Q-Cellthru Bigbeads Plus,anti-FVII mAb,0.08311930113291607,0.038102,-3.267488504788894,4.420276938826319
Separon HemaBio 1000Q,anti-FVII mAb,0.11546277480140403,13.961,2.6362677280065108,4.748948181921561
Separon HemaBio 1000Q,anti-FVII mAb,0.1271860095389507,6.614,1.889188614559601,4.845650656955578
Separon HemaBio 1000Q,anti-FVII mAb,0.13700319217437765,2.8338,1.0416185671479894,4.920004226099574
Separon HemaBio 1000Q,anti-FVII mAb,0.14760365466648956,1.0758,0.07306457085700523,4.994530672472906
Separon HemaBio 1000Q,anti-FVII mAb,0.168239707935867,0.38419,-0.9566180570967772,5.125389795395951
Toyopearl QAE 550c,anti-FVII mAb,0.23001196062195234,1.6682,0.5117452008253743,5.438131310275242
Toyopearl QAE 550c,anti-FVII mAb,0.2519970768339087,0.6864,-0.3762947308083845,5.529417487578702
Toyopearl QAE 550c,anti-FVII mAb,0.27759271596713303,0.31869,-1.1435364355221054,5.6261549889769125
Toyopearl QAE 550c,anti-FVII mAb,0.3023797284630038,0.14214,-1.9509427915833881,5.711683606552458
Toyopearl QAE 550c,anti-FVII mAb,0.3274608684262231,0.0745,-2.5969561535966235,5.7913685622148625
Toyopearl SuperQ 650c,anti-FVII mAb,0.09749724570280889,18.548,2.920361966529214,4.579824128402826
Toyopearl SuperQ 650c,anti-FVII mAb,0.10220559677847958,4.2549,1.4480712599865346,4.626986439268988
Toyopearl SuperQ 650c,anti-FVII mAb,0.1082344791756862,2.0578,0.7216374509595728,4.684299977163397
Toyopearl SuperQ 650c,anti-FVII mAb,0.11331573162302123,1.1233,0.11627078166538649,4.7301780076717375
Toyopearl SuperQ 650c,anti-FVII mAb,0.11862255489258729,0.6647,-0.40841946793460093,4.775946644642526
Toyopearl SuperQ 650c,anti-FVII mAb,0.12852974821022325,0.24235,-1.417372316690752,4.856160381123959
Toyopearl SuperQ 650c,anti-FVII mAb,0.1370614035087719,0.047304,-3.0511604204636082,4.9204290262101065
UNO Q-1,anti-FVII mAb,0.13591757957974285,13.658,2.6143254305388974,4.912048669522237
UNO Q-1,anti-FVII mAb,0.14709992497903826,10.932,2.3916942680658217,4.991112117607522
UNO Q-1,anti-FVII mAb,0.16783029001074112,2.007,0.6966410698142012,5.122953290321581
UNO Q-1,anti-FVII mAb,0.17564197140548707,1.4239,0.35339958580481184,5.168447669756506
UNO Q-1,anti-FVII mAb,0.20246603632240692,0.49831,-0.6965329056641537,5.310572150615052
UNO Q-1,anti-FVII mAb,0.22295052727799702,0.2947,-1.221797389238488,5.4069498960762825
Poros 50 HQ,aprotinin,0.030696503668232192,0.5893,-0.5288198871382693,3.4241487610792642
Poros 50 HQ,aprotinin,0.04050714951188884,0.38619,-0.9514258026424844,3.701478489690451
Poros 50 HQ,aprotinin,0.06088650754992694,0.20279,-1.5955843181455647,4.1090115992655045
Poros 50 HQ,aprotinin,0.08127570344121328,0.12011,-2.1193472894157384,4.397847121227424
Q Sepharose HP,aprotinin,0.040693415805322694,0.6156,-0.4851578770174128,3.7060663055367575
Q Sepharose HP,aprotinin,0.050487201494421166,0.34279,-1.0706372642125979,3.92171986840701
Q Sepharose HP,aprotinin,0.060875758664142354,0.21992,-1.5144914351251468,4.108835043980411
Q Sepharose HP,aprotinin,0.07098894702094884,0.11752,-2.1411467471165153,4.262524189161303
Q Sepharose HP,aprotinin,0.09115770282588878,0.0503,-2.9897502018764435,4.512591004694998
Q Sepharose HP,aprotinin,0.11128298149364017,0.019843,-3.919903978879022,4.712076339974099
Q Sepharose XL,aprotinin,0.061521803327099125,3.8327,1.3435695156598937,4.119391637626994
Q Sepharose XL,aprotinin,0.07097937339409167,1.5735,0.45330243752232446,4.262389319257317
Q Sepharose XL,aprotinin,0.08092775579240412,0.8238,-0.19382749698015672,4.393556852892107
Q Sepharose XL,aprotinin,0.09068156262468716,0.5281,-0.6384696192692495,4.507354057787801
Q Sepharose XL,aprotinin,0.10106318470307636,0.30586,-1.1846277980621598,4.615745912360276
Q Sepharose XL,aprotinin,0.11008972312434634,0.20002,-1.609337917433767,4.701295698085475
Q Sepharose XL,aprotinin,0.12060107576159579,0.13081,-2.034009390282001,4.7924882043328685
Q-Cellthru Bigbeads Plus,aprotinin,0.050841425593573644,2.3514,0.8550108954515037,3.9287114867143815
Q-Cellthru Bigbeads Plus,aprotinin,0.060938823515073216,1.7384,0.5529651499600828,4.109870467743922
Q-Cellthru Bigbeads Plus,aprotinin,0.08091334989359894,0.8933,-0.11283280827434368,4.393378827676793
Separon HemaBio 1000Q,aprotinin,0.0909314104371073,24.345,3.1923264896346644,4.510105490858119
Separon HemaBio 1000Q,aprotinin,0.10041269618130516,5.55,1.713797927758343,4.60928865525184
Separon HemaBio 1000Q,aprotinin,0.10999043083251758,3.7798,1.3296710981788,4.700393369576697
Separon HemaBio 1000Q,aprotinin,0.12125033343841694,1.8614,0.621328892769473,4.797857279821374
Separon HemaBio 1000Q,aprotinin,0.12832028743744386,1.6493,0.5003509554719695,4.854529384120713
Separon HemaBio 1000Q,aprotinin,0.15058653455208035,0.6503,-0.4303214841070309,5.014537899363523
Toyopearl QAE 550c,aprotinin,0.050571457469404266,2.0402,0.7130478422662815,3.9233873355071958
Toyopearl QAE 550c,aprotinin,0.07072035756212783,0.6449,-0.4386600129658053,4.258733474342169
Toyopearl QAE 550c,aprotinin,0.09086200786864988,0.21646,-1.5303495061151366,4.509341958575422
Toyopearl QAE 550c,aprotinin,0.11164078461143424,0.05929,-2.825314621262861,4.715286436692818
UNO Q-1,aprotinin,0.035785857429144,0.35563,-1.0338644144464249,3.577552771477606
UNO Q-1,aprotinin,0.040763084950269035,0.28496,-1.2554064594407857,3.7077768912183995
UNO Q-1,aprotinin,0.05082592121982211,0.21508,-1.5367452270406599,3.92840648467867
UNO Q-1,aprotinin,0.056006720806496775,0.12711,-2.0627024256755595,4.025471697935725
UNO Q-1,aprotinin,0.0819940964250574,0.029068,-3.5381173662277474,4.406647249856129
Poros 50 HQ,lipolase,0.15280473083446663,5.064,1.6221566848418751,5.029160837211691
Poros 50 HQ,lipolase,0.2034670790266135,0.8657,-0.14421685076040894,5.315504217970858
Poros 50 HQ,lipolase,0.22886961298148445,0.50339,-0.6863900613967855,5.433152465771677
Poros 50 HQ,lipolase,0.2784894730979169,0.18082,-1.7102532176729166,5.62938026008174
Poros 50 HQ,lipolase,0.3294350189425136,0.08602,-2.4531754516265467,5.797379123393785
Q Sepharose HP,lipolase,0.14771485125114478,7.123,1.9633289849962168,4.995283734591819
Q Sepharose HP,lipolase,0.15712400226258563,4.8641,1.5818817036630544,5.057035316930572
Q Sepharose HP,lipolase,0.16809830388811375,2.9451,1.0801427723844483,5.124548950465473
Q Sepharose HP,lipolase,0.1778125500097797,2.0113,0.6987812791770383,5.18072990557069
Q Sepharose HP,lipolase,0.18912171873817987,1.4883,0.3976345289929758,5.242390822259029
Q Sepharose HP,lipolase,0.19891392994251386,1.1236,0.1165378162479515,5.292872218312142
Q Sepharose XL,lipolase,0.17757888942162556,4.9593,1.601264601744939,5.179414957623737
Q Sepharose XL,lipolase,0.1985742369784944,3.5958,1.2797664977100576,5.291163020026578
Q Sepharose XL,lipolase,0.21847417635235514,1.9301,0.6575718150460251,5.386667821520715
Q Sepharose XL,lipolase,0.23901716143219084,1.0784,0.07547846117590556,5.476535354509254
Q-Cellthru Bigbeads Plus,lipolase,0.07828033754481549,0.25603,-1.3624606538684934,4.360296454537172
Q-Cellthru Bigbeads Plus,lipolase,0.08373175694345594,0.17485,-1.743826815472752,4.427618319436487
Q-Cellthru Bigbeads Plus,lipolase,0.08855905560623102,0.132,-2.0249533563957662,4.483669624457241
Q-Cellthru Bigbeads Plus,lipolase,0.09850955050092106,0.07832,-2.546952280759882,4.590153502877998
Q-Cellthru Bigbeads Plus,lipolase,0.1282084156004,0.019998,-3.9121230104284797,4.853657186640969
Separon HemaBio 1000Q,lipolase,0.1183544004166075,3.679,1.3026409761226372,4.773683516651186
Separon HemaBio 1000Q,lipolase,0.12878963501017437,1.8226,0.6002640530798894,4.858180336908594
Separon HemaBio 1000Q,lipolase,0.138534855369611,1.1957,0.17873178794339725,4.931121957283983
Separon HemaBio 1000Q,lipolase,0.1481832730721356,0.8165,-0.20272836657161725,4.998449839232454
Toyopearl QAE 550c,lipolase,0.15885371161697193,5.486,1.7021993925154115,5.0679837259884915
Toyopearl QAE 550c,lipolase,0.17761042928440757,4.3971,1.4809452327192276,5.179592552282156
Toyopearl QAE 550c,lipolase,0.19880715705765406,1.6121,0.4775376768998158,5.292335294870489
Toyopearl QAE 550c,lipolase,0.21738185296291465,1.3185,0.27649472681120435,5.38165549817137
Toyopearl QAE 550c,lipolase,0.2391028859718337,0.8477,-0.16522847936777718,5.476893944537122
Toyopearl QAE 550c,lipolase,0.2586719780646163,0.50305,-0.6870657102440774,5.555560765059254
Toyopearl SuperQ 650c,lipolase,0.11822986249866992,7.573,2.0245892901316855,4.772630716875699
Toyopearl SuperQ 650c,lipolase,0.12864880163641276,3.8279,1.342316349947503,4.857086223771137
Toyopearl SuperQ 650c,lipolase,0.13757996835660727,3.008,1.1012754060875933,4.924205336097894
Toyopearl SuperQ 650c,lipolase,0.14719302893814948,1.7851,0.5794744360713694,4.991744847416225
Toyopearl SuperQ 650c,lipolase,0.15920017830419972,1.2437,0.2180908076775583,5.07016239341091
UNO Q-1,lipolase,0.11811953697141508,14.388,2.6663945258333777,4.771697136883406
UNO Q-1,lipolase,0.12856940819501408,5.833,1.7635314477715005,4.856468900106751
UNO Q-1,lipolase,0.13832406562093674,3.3925,1.2215671127268872,4.9295992338069885
UNO Q-1,lipolase,0.14881395279621418,2.0132,0.6997254959200678,5.002696886794735
UNO Q-1,lipolase,0.15828545198410812,1.4311,0.3584433793346931,5.064400061110431
UNO Q-1,lipolase,0.17807536149298384,0.7379,-0.3039469649178161,5.182206839866478
UNO Q-1,lipolase,0.2036286627705716,0.50371,-0.6857545733404471,5.316298054583986
Poros 50 HQ,myoglobin,0.029639289842615373,10.975,2.395619958961235,3.3891008407149226
Poros 50 HQ,myoglobin,0.03438080176029705,4.8335,1.575570842922523,3.5374983202266184
Poros 50 HQ,myoglobin,0.03963378383734295,2.5999,0.9554729827493108,3.6796818817598944
Poros 50 HQ,myoglobin,0.044152059693584704,1.7082,0.5354401845299098,3.7876395781381142
Poros 50 HQ,myoglobin,0.049443757725587144,1.2404,0.21543390824415679,3.900835816037582
Poros 50 HQ,myoglobin,0.054130128829706615,0.9757,-0.02460011686823269,3.9913909408117187
Q Sepharose HP,myoglobin,0.029488956385833504,9.167,2.2156100789796387,3.3840158334533963
Q Sepharose HP,myoglobin,0.03439262622093823,4.2868,1.4555405338567051,3.537842187359748
Q Sepharose HP,myoglobin,0.039647926413448574,2.3059,0.8354710557721406,3.6800386494484543
Q Sepharose HP,myoglobin,0.04441878026029405,1.485,0.395414772254663,3.7936623588433003
Q Sepharose HP,myoglobin,0.04946821667078902,1.0569,0.055340095033164546,3.901330375889403
Q Sepharose XL,myoglobin,0.03446849579484351,13.677,2.615715589899414,3.540045741480971
Q Sepharose XL,myoglobin,0.03927575507639135,8.462,2.1355855522978757,3.6706074093264878
Q Sepharose XL,myoglobin,0.044489923032433154,5.787,1.7556140225917016,3.795262714819447
Q Sepharose XL,myoglobin,0.04954419342053111,4.2019,1.4355368039482899,3.9028650676433805
Q Sepharose XL,myoglobin,0.05424758598242378,3.1757,1.155528080485123,3.9935584934106645
Q Sepharose XL,myoglobin,0.059383480703337946,2.5485,0.9355049507979595,4.084016085053482
Q Sepharose XL,myoglobin,0.06917782159039812,1.7779,0.575432892540389,4.236680314004823
Q-Cellthru Bigbeads Plus,myoglobin,0.029792051480664956,0.28801,-1.2447600772267713,3.3942416290961495
Q-Cellthru Bigbeads Plus,myoglobin,0.03470896532574364,0.19305,-1.6448060562718918,3.546998020318004
Q-Cellthru Bigbeads Plus,myoglobin,0.03951475876239776,0.16124,-1.824861340733172,3.6766742416755744
Q-Cellthru Bigbeads Plus,myoglobin,0.049571209041788536,0.07848,-2.5449114637250294,3.9034102023299235
Q-Cellthru Bigbeads Plus,myoglobin,0.07922737464248647,0.029451,-3.525027413603643,4.372321878526169
Separon HemaBio 1000Q,myoglobin,0.03208727739451308,1.2654,0.2353882777306469,3.4684596087213233
Separon HemaBio 1000Q,myoglobin,0.034749973937519545,0.8653,-0.14467901136944397,3.5481788220110824
Separon HemaBio 1000Q,myoglobin,0.03913587977457733,0.6283,-0.4647375195732358,3.6670396875094804
Toyopearl QAE 550c,myoglobin,0.04948780125699015,0.9188,-0.08468680816719391,3.9017261999507777
Toyopearl QAE 550c,myoglobin,0.05964380718350013,0.58,-0.5447271754416722,4.088390323933886
Toyopearl QAE 550c,myoglobin,0.06910420222653739,0.38108,-0.9647459521435585,4.235615542622627
Toyopearl QAE 550c,myoglobin,0.07915212246416388,0.27123,-1.3047881095647522,4.371371601686549
Toyopearl QAE 550c,myoglobin,0.0891416550039668,0.19695,-1.6248053895652221,4.49022673369076
Toyopearl SuperQ 650c,myoglobin,0.029445540472895382,15.115,2.7156876282314215,3.382542471564989
Toyopearl SuperQ 650c,myoglobin,0.03455425017277125,5.904,1.7756300872981714,3.5425305577787993
Toyopearl SuperQ 650c,myoglobin,0.03938248267170762,3.3721,1.2155356956903889,3.6733211151980836
Toyopearl SuperQ 650c,myoglobin,0.0446149727848666,2.2155,0.7954781116574071,3.7980695153523008
Toyopearl SuperQ 650c,myoglobin,0.049407114624505935,1.6087,0.4754263994141252,3.9000944345628725
UNO Q-1,myoglobin,0.02947678703021371,1.5769,0.45546089442940413,3.383603073261204
UNO Q-1,myoglobin,0.03933136676499508,0.783,-0.2446225829913339,3.6720223370475136
UNO Q-1,myoglobin,0.04958595725690484,0.47487,-0.7447141966163804,3.903707673824432
UNO Q-1,myoglobin,0.059725025980386294,0.36614,-1.0047395050592685,4.089751128211968
UNO Q-1,myoglobin,0.06915342378601165,0.29976,-1.204773124496705,4.236327569336428
UNO Q-1,myoglobin,0.07918534120963527,0.23579,-1.4448137005991808,4.371791195952973
DEAE Ceramic HyperD 20,anti-FVII mAb,0.12832757869302336,11.698,2.459417887020834,4.854586203261206
DEAE Ceramic HyperD 20,anti-FVII mAb,0.14756385760433766,1.7644,0.5678106892486476,4.994261015002225
DEAE Ceramic HyperD 20,anti-FVII mAb,0.15855137036440944,1.008,0.007968169649176881,5.066078644052709
DEAE Ceramic HyperD 20,anti-FVII mAb,0.16766406832763578,0.658,-0.4185503476568198,5.121962384259675
DEAE Sepharose FF,anti-FVII mAb,0.12781740615309814,11.391,2.432823569917775,4.850602731050326
DEAE Sepharose FF,anti-FVII mAb,0.13843630530808695,3.924,1.3671115417031166,4.9304103303735
DEAE Sepharose FF,anti-FVII mAb,0.1481528464619663,2.1831,0.7807458850390134,4.998244487213105
DEAE Sepharose FF,anti-FVII mAb,0.15729321887501443,1.2146,0.19441480448133783,5.058111699630951
DEAE Sepharose FF,anti-FVII mAb,0.16833328550366305,0.6407,-0.4451939503371611,5.125945856470555
Fractogel EMD DEAE (M),anti-FVII mAb,0.18823483601033703,8.023,2.082312416771519,5.237690311033556
Fractogel EMD DEAE (M),anti-FVII mAb,0.19746494109028837,3.421,1.2299329059954676,5.285561055116902
Fractogel EMD DEAE (M),anti-FVII mAb,0.2079792462880791,2.2934,0.830035432622067,5.337438297262057
Fractogel EMD DEAE (M),anti-FVII mAb,0.22797645701567876,1.2094,0.1901243688569755,5.42924236491973
Fractogel EMD DEAE (M),anti-FVII mAb,0.2529006817014984,0.5887,-0.5298385629479214,5.532996849210042
Fractogel EMD DEAE (M),anti-FVII mAb,0.2794280499871478,0.27174,-1.3029095521859597,5.632744835438544
MacroPrep DEAE Support,anti-FVII mAb,0.19746494109028837,4.013,1.3895390912847796,5.285561055116902
MacroPrep DEAE Support,anti-FVII mAb,0.21818254334491438,2.9912,1.095674644680767,5.385332067196334
MacroPrep DEAE Support,anti-FVII mAb,0.22706489708342312,2.2911,0.8290320515803111,5.42523586685792
MacroPrep DEAE Support,anti-FVII mAb,0.23820452104817585,1.9005,0.6421170094471664,5.473129636792197
Poros 50 D,anti-FVII mAb,0.12781740615309814,12.014,2.4860726364279695,4.850602731050326
Poros 50 D,anti-FVII mAb,0.13843630530808695,4.855,1.5800091017432882,4.9304103303735
Poros 50 D,anti-FVII mAb,0.15855137036440944,1.2145,0.19433246946009006,5.066078644052709
Poros 50 D,anti-FVII mAb,0.17871870134790355,0.29585,-1.217902709859434,5.185813068888399
Toyopearl DEAE 650 M,anti-FVII mAb,0.11754116746959574,4.038,1.3957495198906458,4.766788633665343
Toyopearl DEAE 650 M,anti-FVII mAb,0.14756385760433766,0.8373,-0.17757284977175083,4.994261015002225
Toyopearl DEAE 650 M,anti-FVII mAb,0.15792104166849497,0.5182,-0.6573940108541275,5.06209517184183
Toyopearl DEAE 650 M,anti-FVII mAb,0.16766406832763578,0.32933,-1.110694991411091,5.121962384259675
DEAE Ceramic HyperD 20,aprotinin,0.08038407155897694,2.3831,0.8684021611471814,4.386816041619467
DEAE Ceramic HyperD 20,aprotinin,0.09092011994714151,1.2023,0.1842363889987263,4.509981318243717
DEAE Ceramic HyperD 20,aprotinin,0.10080683974644125,0.7686,-0.26318460085139356,4.613206207962641
DEAE Ceramic HyperD 20,aprotinin,0.11086896672090553,0.7292,-0.3158072361776291,4.708349024005154
DEAE Ceramic HyperD 20,aprotinin,0.12002728982802453,0.5754,-0.5526898278646895,4.787719132160659
DEAE Ceramic HyperD 20,aprotinin,0.13045478098128627,0.4786,-0.7368901035078641,4.8710266608251835
DEAE Sepharose FF,aprotinin,0.07053586555543664,1.9822,0.684207338990471,4.256121311741124
DEAE Sepharose FF,aprotinin,0.08009953594214977,0.9001,-0.10524941071909748,4.383270060576255
DEAE Sepharose FF,aprotinin,0.10533434523530713,0.34903,-1.0525974005886622,4.657139531536967
Fractogel EMD DEAE (M),aprotinin,0.07056510628451093,0.7686,-0.26318460085139356,4.256535777057863
Fractogel EMD DEAE (M),aprotinin,0.08042665380156767,0.6918,-0.36845838247906876,4.3873456361908545
Fractogel EMD DEAE (M),aprotinin,0.09094733969153347,0.6065,-0.5000505505980322,4.510280654305807
Fractogel EMD DEAE (M),aprotinin,0.10042688681917336,0.4914,-0.7104968188950583,4.60942996841013
MacroPrep DEAE Support,aprotinin,0.07026515360529802,1.5236,0.421075955622312,4.2522759946358235
MacroPrep DEAE Support,aprotinin,0.09093896351773159,0.7487,-0.2894169097454975,4.510188550902087
MacroPrep DEAE Support,aprotinin,0.11000945167186686,0.5179,-0.6579731055522913,4.700566286390835
MacroPrep DEAE Support,aprotinin,0.12996607399443558,0.29031,-1.2368059614211762,4.867273447123604
MacroPrep DEAE Support,aprotinin,0.15049081701947634,0.29031,-1.2368059614211762,5.013902065845464
MacroPrep DEAE Support,aprotinin,0.17018058021096824,0.2352,-1.4473190629576653,5.136860109811346
Poros 50 D,aprotinin,0.08049520300711696,0.09869,-2.3157716547982212,4.3881975926752625
Poros 50 D,aprotinin,0.10582054648202538,0.07996,-2.5262287693499377,4.661744701722955
Poros 50 D,aprotinin,0.13057198305888162,0.05831,-2.8419816737480725,4.8719246690114515
Toyopearl DEAE 650 M,aprotinin,0.06058847199671044,51.79,3.9471970804358,4.104104643901657
Toyopearl DEAE 650 M,aprotinin,0.07076850155569171,9.613,2.263116349083679,4.2594140084241054
Toyopearl DEAE 650 M,aprotinin,0.08036741508008002,3.827,1.3420812064435652,4.386608808961097
Toyopearl DEAE 650 M,aprotinin,0.0905419825957868,1.8806,0.6315908748608395,4.505813639225399
Toyopearl DEAE 650 M,aprotinin,0.10039682992912502,1.0267,0.026349775322781963,4.609130632348041
DEAE Ceramic HyperD 20,lipolase,0.1181870792258287,15.619,2.748488121875585,4.772268786186669
DEAE Ceramic HyperD 20,lipolase,0.12747352634019313,7.757,2.0485956615087346,4.847908706491523
DEAE Ceramic HyperD 20,lipolase,0.138605351964503,4.525,1.5096175771518896,4.9316307004727875
DEAE Ceramic HyperD 20,lipolase,0.1483269272683394,3.0198,1.1051906040282322,4.9994188056105315
DEAE Ceramic HyperD 20,lipolase,0.15809931927376905,2.1268,0.7546185026480463,5.063223438537397
DEAE Sepharose FF,lipolase,0.11907209641546636,4.541,1.5131472521158142,4.77972916188797
DEAE Sepharose FF,lipolase,0.128958508038275,3.0296,1.108430597605448,4.859490709509284
DEAE Sepharose FF,lipolase,0.13909131081747306,1.4647,0.38165044334212433,4.935130629814138
DEAE Sepharose FF,lipolase,0.14825863591988686,1.0597,0.05798584919865335,4.9989582885919335
DEAE Sepharose FF,lipolase,0.15802652860857105,0.7463,-0.2926276148447954,5.062762921518798
DEAE Sepharose FF,lipolase,0.16911027664642117,0.5116,-0.6702122092774493,5.130551026656542
Fractogel EMD DEAE (M),lipolase,0.1391169347437597,2.2508,0.8112857085769868,4.935314836621577
Fractogel EMD DEAE (M),lipolase,0.15866823838189073,0.8308,-0.18536618698017984,5.066815471282467
Fractogel EMD DEAE (M),lipolase,0.1788174922465386,0.35086,-1.0473679954810984,5.186365689310718
Fractogel EMD DEAE (M),lipolase,0.2039200833621396,0.09901,-2.3125344238477137,5.3177281688660285
MacroPrep DEAE Support,lipolase,0.1783487213242239,8.342,2.121302995774754,5.183740742304705
MacroPrep DEAE Support,lipolase,0.1986140649409379,4.03,1.3937663759585917,5.291363569551247
MacroPrep DEAE Support,lipolase,0.20751046328533457,2.9168,1.0704871249422614,5.335181763870923
MacroPrep DEAE Support,lipolase,0.2185546243168632,2.2272,0.8007451911579634,5.387035980165149
MacroPrep DEAE Support,lipolase,0.22744688849613778,1.7475,0.5581861951258283,5.4269167539758065
MacroPrep DEAE Support,lipolase,0.23766213816254825,1.6106,0.4766067803793075,5.470850077550133
MacroPrep DEAE Support,lipolase,0.2584223074652878,1.046,0.044973365642731196,5.554595097382326
Poros 50 D,lipolase,0.11821429593982945,26.722,3.2854871961667023,4.7724990446959685
Poros 50 D,lipolase,0.12799411446318762,9.112,2.209592226144881,4.851984282106123
Poros 50 D,lipolase,0.1386213104139897,6.079,1.8048402087665854,4.931745829727437
Poros 50 D,lipolase,0.14834400501997586,4.057,1.4004437842243103,4.999533934865182
Poros 50 D,lipolase,0.16855436352834993,2.5627,0.9410613901993667,5.127258329973562
Poros 50 D,lipolase,0.17894517798476928,1.8051,0.5906159919122786,5.1870794906895465
Toyopearl DEAE 650 M,lipolase,0.1086325564727195,6.993,1.9449096487217299,4.687971145932157
Toyopearl DEAE 650 M,lipolase,0.11857960518159365,3.3798,1.2178165361465862,4.775584508720581
Toyopearl DEAE 650 M,lipolase,0.12841329800857929,1.724,0.5446471722415014,4.855253952938175
Toyopearl DEAE 650 M,lipolase,0.13853515660959625,1.426,0.35487332199210414,4.931124131752329
Toyopearl DEAE 650 M,lipolase,0.14823815464721704,0.7887,-0.23736925857819188,4.998820133486354
Toyopearl DEAE 650 M,lipolase,0.1579937837439745,0.4728,-0.7490828128902486,5.062555688860429
DEAE Ceramic HyperD 20,myoglobin,0.040534983446682715,5.776,1.753711401590525,3.702165390068617
DEAE Ceramic HyperD 20,myoglobin,0.05036629443713588,1.742,0.555033878430311,3.919322190188885
DEAE Ceramic HyperD 20,myoglobin,0.0608639312000994,0.8936,-0.11249703122714616,4.108640736534856
DEAE Ceramic HyperD 20,myoglobin,0.07075709594012891,0.14349,-1.9414899326218218,4.259252827467596
DEAE Ceramic HyperD 20,myoglobin,0.0907360773152903,0.039233,-3.238237049596829,4.507955043361883
DEAE Sepharose FF,myoglobin,0.03067114576613868,1.914,0.6491952930307625,3.423322335307038
DEAE Sepharose FF,myoglobin,0.0405816779453537,0.746,-0.2930296787783762,3.703316682615114
DEAE Sepharose FF,myoglobin,0.050409222612149175,0.39813,-0.9209766938648695,3.9201741466732924
DEAE Sepharose FF,myoglobin,0.06043520505557424,0.22095,-1.509818847405388,4.1015718002993635
Fractogel EMD DEAE (M),myoglobin,0.030717792330894323,0.13698,-1.987920349212378,3.4248420414684135
Fractogel EMD DEAE (M),myoglobin,0.04066680001225866,0.019567,-3.9339108051861755,3.705412035049738
MacroPrep DEAE Support,myoglobin,0.030720621674416842,0.11474,-2.165086579808412,3.4249341448721333
MacroPrep DEAE Support,myoglobin,0.040637782351992405,0.06761,-2.6939993778795506,3.70469823367091
MacroPrep DEAE Support,myoglobin,0.05067572841772825,0.038278,-3.2628799603662557,3.925447066536249
MacroPrep DEAE Support,myoglobin,0.06051875707932982,0.019251,-3.950192271545649,4.10295335135516
Poros 50 D,myoglobin,0.030562579066168015,0.9611,-0.039676817152898426,3.419776354263827
Poros 50 D,myoglobin,0.04058915405524256,0.5553,-0.5882467707345755,3.7035008894225525
Poros 50 D,myoglobin,0.050410383340757876,0.3753,-0.9800295728411619,3.920197172524223
Toyopearl DEAE 650 M,myoglobin,0.030541474474586557,3.2561,1.1805301601993863,3.4190855787359284
Toyopearl DEAE 650 M,myoglobin,0.04074178006422707,0.7608,-0.27338476775095644,3.707254103124133
Toyopearl DEAE 650 M,myoglobin,0.05060809618661875,0.39038,-0.9406346552636724,3.9241115671823126
Toyopearl DEAE 650 M,myoglobin,0.06066944191752197,0.24865,-1.3917089938213894,4.105440143255594
Toyopearl DEAE 650 M,myoglobin,0.07047092953115162,0.1747,-1.7446850618421261,4.255200277703926
